Height,,,,,,,,,,,,,,,,,,,,,,,,,,,,,,,,,,,,,,,,,,,,,,,,,,,,,,,,,,,,,,,,,,,,,,,,,,,,,,,,,,,,,,,,,,,,,,,,,,,,,,,,,,,,,,,,,,,,,,,,,,,,,,,,,,,,,,,,,,,,,,,,,,,,,,,,,,,,,,,,,,,,,,,,,,,,,,,,,,,,,,,,,,,,,,,,,,,,,,,,,,
,,,,,,,,,,,,,,,,,,,,,,,,,,,,,,,,,,,,,,,,,,,,,,,,,,,,,,,,,,,,,,,,,,,,,,,,,,,,,,,,,,,,,,,,,,,,,,,,,,,,,,,,,,,,,,,,,,,,,,,,,,,,,,,,,,,,,,,,,,,,,,,,,,,,,,,,,,,,,,,,,,,,,,,,,,,,,,,,,,,,,,,,,,,,,,,,,,,,,,,,,,
Code,"Continent, Region, Country",1800,1801,1802,1803,1804,1805,1806,1807,1808,1809,1810,1811,1812,1813,1814,1815,1816,1817,1818,1819,1820,1821,1822,1823,1824,1825,1826,1827,1828,1829,1830,1831,1832,1833,1834,1835,1836,1837,1838,1839,1840,1841,1842,1843,1844,1845,1846,1847,1848,1849,1850,1851,1852,1853,1854,1855,1856,1857,1858,1859,1860,1861,1862,1863,1864,1865,1866,1867,1868,1869,1870,1871,1872,1873,1874,1875,1876,1877,1878,1879,1880,1881,1882,1883,1884,1885,1886,1887,1888,1889,1890,1891,1892,1893,1894,1895,1896,1897,1898,1899,1900,1901,1902,1903,1904,1905,1906,1907,1908,1909,1910,1911,1912,1913,1914,1915,1916,1917,1918,1919,1920,1921,1922,1923,1924,1925,1926,1927,1928,1929,1930,1931,1932,1933,1934,1935,1936,1937,1938,1939,1940,1941,1942,1943,1944,1945,1946,1947,1948,1949,1950,1951,1952,1953,1954,1955,1956,1957,1958,1959,1960,1961,1962,1963,1964,1965,1966,1967,1968,1969,1970,1971,1972,1973,1974,1975,1976,1977,1978,1979,1980,1981,1982,1983,1984,1985,1986,1987,1988,1989,2001,2002,2003,2004,2005,2006,2007,2008,2009,2010,2011
150,Europe,,,,,,,,,,,,,,,,,,,,,,,,,,,,,,,,,,,,,,,,,,,,,,,,,,,,,,,,,,,,,,,,,,,,,,,,,,,,,,,,,,,,,,,,,,,,,,,,,,,,,,,,,,,,,,,,,,,,,,,,,,,,,,,,,,,,,,,,,,,,,,,,,,,,,,,,,,,,,,,,,,,,,,,,,,,,,,,,,,,,,,,,,,,,,,,,,,,,,,,,,
155,Western Europe,,,,,,,,,,,,,,,,,,,,,,,,,,,,,,,,,,,,,,,,,,,,,,,,,,,,,,,,,,,,,,,,,,,,,,,,,,,,,,,,,,,,,,,,,,,,,,,,,,,,,,,,,,,,,,,,,,,,,,,,,,,,,,,,,,,,,,,,,,,,,,,,,,,,,,,,,,,,,,,,,,,,,,,,,,,,,,,,,,,,,,,,,,,,,,,,,,,,,,,,,
40,Austria,,,,,,,,,,,,,,,,,,,,,163.7,,,,,,,,,,163.4,,,,,,,,,,164.8,,,,,,,,,,165.8,,,,,,,,,,166.4,,,,,,,,,,167.2,,,,,,,,,,167.7,,,,,,,,,,168.4,,,,,,,,,,168.9,,,,,,,,,,168.9,,,,,,,,,,170.4,,,,,,,,,,,,,,,,,,,,,,,,,,,,,,,,,,,,,,,,177.0,,,,,,,,,,177.5,,,,,,,,,,178.8,,,,,,,,,,,,,,,,,,,,
56,Belgium,,,,,,,,,,,163.1,,,,,,,,,,163.7,,,,,,,,,,164.0,,,,,,,,,,165.1,,,,,,,,,,166.1,,,,,,,,,,166.6,,,,,,,,,,166.6,,,,,,,,,,,,,,,,,,,,,,,,,,,,,,167.8,,,,,,,,,,,,,,,,,,,,,,,,,,,,,,,,,,,,,,,,174.5,,,,,,,,,,,,,,,,,,,,176.8,,,,,,,,,,,,,,,,,,,,,,,,,,,,,,,,,,,,,,,,
280,Federal Republic of Germany (until 1990),,,,,,,,,,,167.8,,,,,,,,,,167.3,,,,,,,,,,166.8,,,,,,,,,,166.6,,,,,,,,,,163.8,,,,,,,,,,165.5,,,,,,,,,,166.9,,,,,,,,,,167.9,,,,,,,,,,168.6,,,,,,,,,,169.2,,,,,,,,,,170.5,,,,,,,,,,173.3,,,,,,,,,,174.0,,,,,,,,,,175.2,,,,,,,,,,176.8,,,,,,,,,,178.9,,,,,,,,,,179.4,,,,,,,,,,180.5,,,,,,,,,,,,,,,,,,,,
250,France,,,,,,,,,,,163.9,,,,,,,,,,163.9,,,,,,,,,,164.0,,,,,,,,,,164.3,,,,,,,,,,165.2,,,,,,,,,,165.4,,,,,,,,,,165.5,,,,,,,,,,165.9,,,,,,,,,,166.1,,,,,,,,,,166.8,,,,,,,,,,167.8,,,,,,,,,,168.5,,,,,,,,,,169.9,,,,,,,,,,171.7,,,,,,,,,,173.2,,,,,,,,,,174.9,,,,,,,,,,175.1,,,,,,,,,,176.5,,,,,,,,,,,,,,,,,,,,
278,German Democratic Republic (until 1990),,,,,,,,,,,,,,,,,,,,,,,,,,,,,,,,,,,,,,,,,,,,,,,,,,,,,,,,,,,,,,,,,,,,,,,,,,,,,,,,,,,,,,,,,,,,,,,,,,,,,,,,,,,,,,,,,,,,,,,,,,,,,,,,,,,,,,,,,,,,,,,,,,,,,,,,,,,,,,,,,,,,,,,,,,,,,,,,,,,,,,,,,,,,,,,,,,,,,,,,,
276,Germany,,,,,,,,,,,167.8,,,,,,,,,,167.3,,,,,,,,,,166.8,,,,,,,,,,166.6,,,,,,,,,,163.8,,,,,,,,,,165.5,,,,,,,,,,166.9,,,,,,,,,,167.9,,,,,,,,,,168.6,,,,,,,,,,169.2,,,,,,,,,,170.5,,,,,,,,,,173.3,,,,,,,,,,174.0,,,,,,,,,,175.2,,,,,,,,,,176.8,,,,,,,,,,178.9,,,,,,,,,,179.4,,,,,,,,,,180.5,,,,,,,,,,,,,,,,,,,,
438,Liechtenstein,,,,,,,,,,,,,,,,,,,,,,,,,,,,,,,,,,,,,,,,,,,,,,,,,,,,,,,,,,,,,,,,,,,,,,,,,,,,,,,,,,,,,,,,,,,,,,,,,,,,,,,,,,,,,,,,,,,,,,,,,,,,,,,,,,,,,,,,,,,,,,,,,,,,,,,,,,,,,,,,,,,,,,,,,,,,,,,,,,,,,,,,,,,,,,,,,,,,,,,,,
442,Luxembourg,,,,,,,,,,,,,,,,,,,,,,,,,,,,,,,,,,,,,,,,,,,,,,,,,,,,,,,,,,,,,,,,,,,,,,,,,,,,,,,,,,,,,,,,,,,,,,,,,,,,,,,,,,,,,,,,,,,,,,,,,,,,,,,,,,,,,,,,,,,,,,,,,,,,,,,,,,,,,,,,,,,,,,,,,,,,,,,,,,,,,,,,,,,,,,,,,,,,,,,,,
492,Monaco,,,,,,,,,,,,,,,,,,,,,,,,,,,,,,,,,,,,,,,,,,,,,,,,,,,,,,,,,,,,,,,,,,,,,,,,,,,,,,,,,,,,,,,,,,,,,,,,,,,,,,,,,,,,,,,,,,,,,,,,,,,,,,,,,,,,,,,,,,,,,,,,,,,,,,,,,,,,,,,,,,,,,,,,,,,,,,,,,,,,,,,,,,,,,,,,,,,,,,,,,
528,Netherlands,,,,,,,,,,,166.0,,,,,,,,,,165.1,,,,,,,,,,164.2,,,,,,,,,,164.5,,,,,,,,,,165.3,,,,,,,,,,166.5,,,,,,,,,,167.1,,,,,,,,,,168.5,,,,,,,,,,169.4,,,,,,,,,,170.9,,,,,,,,,,172.6,,,,,,,,,,173.5,,,,,,,,,,174.1,,,,,,,,,,177.5,,,,,,,,,,178.7,,,,,,,,,,182.2,,,,,,,,,,182.3,,,,,,,,,,182.7,,,,,,,,,,,,,,,,,,,,
756,Switzerland,,,,,,,,,,,,,,,,,,,,,167.6,,,,,,,,,,166.3,,,,,,,,,,,,,,,,,,,,,,,,,,,,,,,,,,,,,,,,164.7,,,,,,,,,,166.8,,,,,,,,,,170.5,,,,,,,,,,170.5,,,,,,,,,,171.5,,,,,,,,,,170.9,,,,,,,,,,171.3,,,,,,,,,,,,,,,,,,,,,,,,,,,,,,,,,,,,,,,,,,,,,,,,,,,,,,,,,,,,,,,,,,,,,,
,,,,,,,,,,,,,,,,,,,,,,,,,,,,,,,,,,,,,,,,,,,,,,,,,,,,,,,,,,,,,,,,,,,,,,,,,,,,,,,,,,,,,,,,,,,,,,,,,,,,,,,,,,,,,,,,,,,,,,,,,,,,,,,,,,,,,,,,,,,,,,,,,,,,,,,,,,,,,,,,,,,,,,,,,,,,,,,,,,,,,,,,,,,,,,,,,,,,,,,,,,
154,Northern Europe,,,,,,,,,,,,,,,,,,,,,,,,,,,,,,,,,,,,,,,,,,,,,,,,,,,,,,,,,,,,,,,,,,,,,,,,,,,,,,,,,,,,,,,,,,,,,,,,,,,,,,,,,,,,,,,,,,,,,,,,,,,,,,,,,,,,,,,,,,,,,,,,,,,,,,,,,,,,,,,,,,,,,,,,,,,,,,,,,,,,,,,,,,,,,,,,,,,,,,,,,
248,Åland Islands,,,,,,,,,,,,,,,,,,,,,,,,,,,,,,,,,,,,,,,,,,,,,,,,,,,,,,,,,,,,,,,,,,,,,,,,,,,,,,,,,,,,,,,,,,,,,,,,,,,,,,,,,,,,,,,,,,,,,,,,,,,,,,,,,,,,,,,,,,,,,,,,,,,,,,,,,,,,,,,,,,,,,,,,,,,,,,,,,,,,,,,,,,,,,,,,,,,,,,,,,
830,Channel Islands,,,,,,,,,,,,,,,,,,,,,,,,,,,,,,,,,,,,,,,,,,,,,,,,,,,,,,,,,,,,,,,,,,,,,,,,,,,,,,,,,,,,,,,,,,,,,,,,,,,,,,,,,,,,,,,,,,,,,,,,,,,,,,,,,,,,,,,,,,,,,,,,,,,,,,,,,,,,,,,,,,,,,,,,,,,,,,,,,,,,,,,,,,,,,,,,,,,,,,,,,
208,Denmark,,,,,,,,,,,,,,,,,,,,,167.0,,,,,,,,,,165.4,,,,,,,,,,,,,,,,,,,,167.4,,,,,,,,,,168.1,,,,,,,,,,168.1,,,,,,,,,,169.5,,,,,,,,,,169.2,,,,,,,,,,170.5,,,,,,,,,,170.0,,,,,,,,,,173.5,,,,,,,,,,173.9,,,,,,,,,,175.9,,,,,,,,,,179.8,,,,,,,,,,180.2,,,,,,,,,,180.8,,,,,,,,,,183.2,,,,,,,,,,,,,,,,,,,,
233,Estonia,,,,,,,,,,,,,,,,,,,,,,,,,,,,,,,,,,,,,,,,,166.7,,,,,,,,,,,,,,,,,,,,,,,,,,,,,,167.6,,,,,,,,,,,,,,,,,,,,173.4,,,,,,,,,,175.3,,,,,,,,,,172.0,,,,,,,,,,,,,,,,,,,,,,,,,,,,,,,,,,,,,,,,,,,,,,,,,,174.1,,,,,,,,,,179.6,,,,,,,,,,179.1,,,,,,,,,,,,,,,,,,,,
234,Faeroe Islands,,,,,,,,,,,,,,,,,,,,,,,,,,,,,,,,,,,,,,,,,,,,,,,,,,,,,,,,,,,,,,,,,,,,,,,,,,,,,,,,,,,,,,,,,,,,,,,,,,,,,,,,,,,,,,,,,,,,,,,,,,,,,,,,,,,,,,,,,,,,,,,,,,,,,,,,,,,,,,,,,,,,,,,,,,,,,,,,,,,,,,,,,,,,,,,,,,,,,,,,,
246,Finland,,,,,,,,,,,171.9,,,,,,,,,,170.1,,,,,,,,,,169.5,,,,,,,,,,,,,,,,,,,,,,,,,,,,,,167.3,,,,,,,,,,,,,,,,,,,,,,,,,,,,,,,,,,,,,,,,167.3,,,,,,,,,,170.5,,,,,,,,,,172.3,,,,,,,,,,172.5,,,,,,,,,,174.8,,,,,,,,,,178.0,,,,,,,,,,179.3,,,,,,,,,,177.5,,,,,,,,,,178.2,,,,,,,,,,,,,,,,,,,,
831,Guernsey,,,,,,,,,,,,,,,,,,,,,,,,,,,,,,,,,,,,,,,,,,,,,,,,,,,,,,,,,,,,,,,,,,,,,,,,,,,,,,,,,,,,,,,,,,,,,,,,,,,,,,,,,,,,,,,,,,,,,,,,,,,,,,,,,,,,,,,,,,,,,,,,,,,,,,,,,,,,,,,,,,,,,,,,,,,,,,,,,,,,,,,,,,,,,,,,,,,,,,,,,
352,Iceland,,,,,,,,,,,,,,,,,,,,,,,,,,,,,,,,,,,,,,,,,,,,,,,,,,,,,,,,,,,,,,,,,,,,,,,,,,,,,,,,,,,,,,,,,,,,,,,,,,,,,,,,,,,,,,,,,,,,,,,,,,,,,,,,,,,,,,,,,,,,,,,,,,,,,,,,,,,,,,,,,,,,,,,,,,,,,,,,,,,,,,,,,,,,,,,,,,,,,,,,,
372,Ireland,,,,,,,,,,,168.0,,,,,,,,,,165.4,,,,,,,,,,168.1,,,,,,,,,,160.9,,,,,,,,,,,,,,,,,,,,,,,,,,,,,,168.5,,,,,,,,,,168.7,,,,,,,,,,169.1,,,,,,,,,,170.0,,,,,,,,,,,,,,,,,,,,171.9,,,,,,,,,,173.3,,,,,,,,,,,,,,,,,,,,174.9,,,,,,,,,,175.8,,,,,,,,,,176.4,,,,,,,,,,176.6,,,,,,,,,,,,,,,,,,,,
833,Isle of Man,,,,,,,,,,,,,,,,,,,,,,,,,,,,,,,,,,,,,,,,,,,,,,,,,,,,,,,,,,,,,,,,,,,,,,,,,,,,,,,,,,,,,,,,,,,,,,,,,,,,,,,,,,,,,,,,,,,,,,,,,,,,,,,,,,,,,,,,,,,,,,,,,,,,,,,,,,,,,,,,,,,,,,,,,,,,,,,,,,,,,,,,,,,,,,,,,,,,,,,,,
832,Jersey,,,,,,,,,,,,,,,,,,,,,,,,,,,,,,,,,,,,,,,,,,,,,,,,,,,,,,,,,,,,,,,,,,,,,,,,,,,,,,,,,,,,,,,,,,,,,,,,,,,,,,,,,,,,,,,,,,,,,,,,,,,,,,,,,,,,,,,,,,,,,,,,,,,,,,,,,,,,,,,,,,,,,,,,,,,,,,,,,,,,,,,,,,,,,,,,,,,,,,,,,
428,Latvia,,,,,,,,,,,,,,,,,,,,,,,,,,,,,,,,,,,,,,,,,166.5,,,,,,,,,,,,,,,,,,,,,,,,,,,,,,,,,,,,,,,,170.6,,,,,,,,,,171.7,,,,,,,,,,171.4,,,,,,,,,,,,,,,,,,,,,,,,,,,,,,,,,,,,,,,,174.2,,,,,,,,,,,,,,,,,,,,,,,,,,,,,,,,,,,,,,,,,,,,,,,,,,,,,,,,,,,,
440,Lithuania,,,,,,,,,,,,,,,,,,,,,,,,,,,,,,,,,,,,,,,,,165.3,,,,,,,,,,,,,,,,,,,,,,,,,,,,,,,,,,,,,,,,,,,,,,,,,,,,,,,,,,,,,,,,,,,,,,,,,,,,,,,,,,,,,,,,,,,,,,,,,,,,173.7,,,,,,,,,,,,,,,,,,,,,,,,,,,,,,,,,,,,,,,,,,,,,,,,,,,,,,,,,,,,
578,Norway,,,,,,,,,,,168.6,,,,,,,,,,167.5,,,,,,,,,,168.9,,,,,,,,,,168.0,,,,,,,,,,169.1,,,,,,,,,,169.7,,,,,,,,,,170.4,,,,,,,,,,171.1,,,,,,,,,,171.1,,,,,,,,,,172.0,,,,,,,,,,173.3,,,,,,,,,,176.3,,,,,,,,,,176.9,,,,,,,,,,177.5,,,,,,,,,,178.1,,,,,,,,,,179.3,,,,,,,,,,179.5,,,,,,,,,,179.7,,,,,,,,,,,,,,,,,,,,
680,Sark,,,,,,,,,,,,,,,,,,,,,,,,,,,,,,,,,,,,,,,,,,,,,,,,,,,,,,,,,,,,,,,,,,,,,,,,,,,,,,,,,,,,,,,,,,,,,,,,,,,,,,,,,,,,,,,,,,,,,,,,,,,,,,,,,,,,,,,,,,,,,,,,,,,,,,,,,,,,,,,,,,,,,,,,,,,,,,,,,,,,,,,,,,,,,,,,,,,,,,,,,
744,Svalbard and Jan Mayen Islands,,,,,,,,,,,,,,,,,,,,,,,,,,,,,,,,,,,,,,,,,,,,,,,,,,,,,,,,,,,,,,,,,,,,,,,,,,,,,,,,,,,,,,,,,,,,,,,,,,,,,,,,,,,,,,,,,,,,,,,,,,,,,,,,,,,,,,,,,,,,,,,,,,,,,,,,,,,,,,,,,,,,,,,,,,,,,,,,,,,,,,,,,,,,,,,,,,,,,,,,,
752,Sweden,,,,,,,,,,,,,,,,,,,,,,,,,,,,,,,168.1,,,,,,,,,,167.9,,,,,,,,,,168.4,,,,,,,,,,169.3,,,,,,,,,,170.3,,,,,,,,,,171.2,,,,,,,,,,172.4,,,,,,,,,,172.8,,,,,,,,,,173.2,,,,,,,,,,168.3,,,,,,,,,,175.5,,,,,,,,,,178.5,,,,,,,,,,179.3,,,,,,,,,,180.1,,,,,,,,,,180.0,,,,,,,,,,180.4,,,,,,,,,,,,,,,,,,,,
826,United Kingdom of Great Britain and Northern Ireland,,,,,,,,,,,169.7,,,,,,,,,,169.1,,,,,,,,,,166.7,,,,,,,,,,166.5,,,,,,,,,,165.6,,,,,,,,,,166.6,,,,,,,,,,167.2,,,,,,,,,,168.0,,,,,,,,,,167.4,,,,,,,,,,169.4,,,,,,,,,,170.9,,,,,,,,,,171.0,,,,,,,,,,173.9,,,,,,,,,,174.9,,,,,,,,,,176.0,,,,,,,,,,176.9,,,,,,,,,,177.1,,,,,,,,,,176.8,,,,,,,,,,,,,,,,,,,,
,,,,,,,,,,,,,,,,,,,,,,,,,,,,,,,,,,,,,,,,,,,,,,,,,,,,,,,,,,,,,,,,,,,,,,,,,,,,,,,,,,,,,,,,,,,,,,,,,,,,,,,,,,,,,,,,,,,,,,,,,,,,,,,,,,,,,,,,,,,,,,,,,,,,,,,,,,,,,,,,,,,,,,,,,,,,,,,,,,,,,,,,,,,,,,,,,,,,,,,,,,
39,Southern Europe,,,,,,,,,,,,,,,,,,,,,,,,,,,,,,,,,,,,,,,,,,,,,,,,,,,,,,,,,,,,,,,,,,,,,,,,,,,,,,,,,,,,,,,,,,,,,,,,,,,,,,,,,,,,,,,,,,,,,,,,,,,,,,,,,,,,,,,,,,,,,,,,,,,,,,,,,,,,,,,,,,,,,,,,,,,,,,,,,,,,,,,,,,,,,,,,,,,,,,,,,
8,Albania,,,,,,,,,,,,,,,,,,,,,,,,,,,,,,,,,,,,,,,,,,,,,,,,,,,,,,,,,,,,,,,,,,,,,,,,,,,,,,,,,170.1,,,,,,,,,,169.8,,,,,,,,,,169.2,,,,,,,,,,,,,,,,,,,,,,,,,,,,,,,,,,,,,,,,,,,,,,,,,,,,,,,,,,,,,,,,,,,,,,,,,,,,,,,,,,,,,,,,,,,,,,,,,,,,
20,Andorra,,,,,,,,,,,,,,,,,,,,,,,,,,,,,,,,,,,,,,,,,,,,,,,,,,,,,,,,,,,,,,,,,,,,,,,,,,,,,,,,,,,,,,,,,,,,,,,,,,,,,,,,,,,,,,,,,,,,,,,,,,,,,,,,,,,,,,,,,,,,,,,,,,,,,,,,,,,,,,,,,,,,,,,,,,,,,,,,,,,,,,,,,,,,,,,,,,,,,,,,,
70,Bosnia and Herzegovina,,,,,,,,,,,,,,,,,,,,,,,,,,,,,,,,,,,,,,,,,,,,,,,,,,,,,,,,,,,,,,,,,,,,,,,,,,,,,,,,,,,,,,,,,,,,,,,,,,,,,,,,,,,,,,,,,,,,,,,,,,,,,,,,,,,,,,,,,,,,,,,,,,,,,,,,,,,,,,,,,,,,,,,,,,,,,,,,,,,,,,,,,,,,,,,,,,,,,,,,,
191,Croatia,,,,,,,,,,,163.2,,,,,,,,,,163.6,,,,,,,,,,163.5,,,,,,,,,,161.2,,,,,,,,,,168.1,,,,,,,,,,165.9,,,,,,,,,,166.8,,,,,,,,,,168.9,,,,,,,,,,,,,,,,,,,,171.5,,,,,,,,,,,,,,,,,,,,,,,,,,,,,,176.1,,,,,,,,,,,,,,,,,,,,175.1,,,,,,,,,,178.2,,,,,,,,,,,,,,,,,,,,,,,,,,,,,,,,,,,,,,,,
292,Gibraltar,,,,,,,,,,,,,,,,,,,,,,,,,,,,,,,,,,,,,,,,,,,,,,,,,,,,,,,,,,,,,,,,,,,,,,,,,,,,,,,,,,,,,,,,,,,,,,,,,,,,,,,,,,,,,,,,,,,,,,,,,,,,,,,,,,,,,,,,,,,,,,,,,,,,,,,,,,,,,,,,,,,,,,,,,,,,,,,,,,,,,,,,,,,,,,,,,,,,,,,,,
300,Greece,,,,,,,,,,,,,,,,,,,,,,,,,,,,,,,,,,,,,,,,,,,,,,,,,,,,,,,,,,,,,,,,,,,,,,,168.5,,,,,,,,,,167.3,,,,,,,,,,,,,,,,,,,,169.6,,,,,,,,,,168.1,,,,,,,,,,168.4,,,,,,,,,,167.5,,,,,,,,,,169.2,,,,,,,,,,173.7,,,,,,,,,,177.6,,,,,,,,,,,,,,,,,,,,177.3,,,,,,,,,,,,,,,,,,,,
336,Holy See,,,,,,,,,,,,,,,,,,,,,,,,,,,,,,,,,,,,,,,,,,,,,,,,,,,,,,,,,,,,,,,,,,,,,,,,,,,,,,,,,,,,,,,,,,,,,,,,,,,,,,,,,,,,,,,,,,,,,,,,,,,,,,,,,,,,,,,,,,,,,,,,,,,,,,,,,,,,,,,,,,,,,,,,,,,,,,,,,,,,,,,,,,,,,,,,,,,,,,,,,
380,Italy,,,,,,,,,,,164.1,,,,,,,,,,165.8,,,,,,,,,,164.1,,,,,,,,,,162.0,,,,,,,,,,162.9,,,,,,,,,,163.1,,,,,,,,,,163.5,,,,,,,,,,163.9,,,,,,,,,,164.7,,,,,,,,,,165.6,,,,,,,,,,166.3,,,,,,,,,,167.3,,,,,,,,,,168.1,,,,,,,,,,169.3,,,,,,,,,,171.3,,,,,,,,,,173.0,,,,,,,,,,174.1,,,,,,,,,,174.5,,,,,,,,,,,,,,,,,,,,
,Kosovo,,,,,,,,,,,,,,,,,,,,,,,,,,,,,,,,,,,,,,,,,,,,,,,,,,,,,,,,,,,,,,,,,,,,,,,,,,,,,,,,,,,,,,,,,,,,,,,,,,,,,,,,,,,,,,,,,,,,,,,,,,,,,,,,,,,,,,,,,,,,,,,,,,,,,,,,,,,,,,,,,,,,,,,,,,,,,,,,,,,,,,,,,,,,,,,,,,,,,,,,,
470,Malta,,,,,,,,,,,,,,,,,,,,,,,,,,,,,,,,,,,,,,,,,,,,,,,,,,,,,,,,,,,,,,,,,,,,,,,,,,,,,,,,,,,,,,,,,,,,,,,,,,,,,,,,,,,,,,,,,,,,,,,,,,,,,,,,,,,,,,,,,,,,,,,,,,,,,,,,,,,,,,,,,,,,,,,,,,,,,,,,,,,,,,,,,,,,,,,,,,,,,,,,,
499,Montenegro,,,,,,,,,,,,,,,,,,,,,,,,,,,,,,,,,,,,,,,,,,,,,,,,,,,,,,,,,,,,,,,,,,,,,,,,,,,,,,,,,,,,,,,,,,,,,,,,,,,,,,,,,,,,,,,,,,,,,,,,,,,,,,,,,,,,,,,,,,,,,,,,,,,,,,,,,,,,,,,,,,,,,,,,,,,,,,,,,,,,,,,,,,,,,,,,,,,,,,,,,
620,Portugal,,,,,,,,,,,165.5,,,,,,,,,,166.3,,,,,,,,,,165.3,,,,,,,,,,163.5,,,,,,,,,,164.2,,,,,,,,,,164.1,,,,,,,,,,164.7,,,,,,,,,,164.2,,,,,,,,,,164.2,,,,,,,,,,163.8,,,,,,,,,,164.5,,,,,,,,,,164.9,,,,,,,,,,165.6,,,,,,,,,,166.4,,,,,,,,,,167.4,,,,,,,,,,169.2,,,,,,,,,,171.4,,,,,,,,,,172.1,,,,,,,,,,,,,,,,,,,,
674,San Marino,,,,,,,,,,,,,,,,,,,,,,,,,,,,,,,,,,,,,,,,,,,,,,,,,,,,,,,,,,,,,,,,,,,,,,,,,,,,,,,,,,,,,,,,,,,,,,,,,,,,,,,,,,,,,,,,,,,,,,,,,,,,,,,,,,,,,,,,,,,,,,,,,,,,,,,,,,,,,,,,,,,,,,,,,,,,,,,,,,,,,,,,,,,,,,,,,,,,,,,,,
688,Serbia,,,,,,,,,,,,,,,,,,,,,,,,,,,,,,,,,,,,,,,,,,,,,,,,,,,166.2,,,,,,,,,,,,,,,,,,,,169.7,,,,,,,,,,167.1,,,,,,,,,,168.1,,,,,,,,,,,,,,,,,,,,,,,,,,,,,,,,,,,,,,,,,,,,,,,,,,,,,,,,,,,,,,,,,,,,,,175.8,,,,,,,,,,,,,,,,,,,,,,,,,,,,,,,,,,,,,,,,
891,Serbia and Montenegro (until 2006),,,,,,,,,,,,,,,,,,,,,,,,,,,,,,,,,,,,,,,,,,,,,,,,,,,166.2,,,,,,,,,,,,,,,,,,,,169.7,,,,,,,,,,167.1,,,,,,,,,,168.1,,,,,,,,,,,,,,,,,,,,,,,,,,,,,,,,,,,,,,,,,,,,,,,,,,,,,,,,,,,,,,,,,,,,,,175.8,,,,,,,,,,,,,,,,,,,,,,,,,,,,,,,,,,,,,,,,
705,Slovenia,,,,,,,,,,,,,,,,,,,,,,,,,,,,,,,,,,,,,,,,,,,,,,,,,,,,,,,,,,,,,,,,,,,,,,,168.3,,,,,,,,,,,,,,,,,,,,,,,,,,,,,,,,,,,,,,,,,,,,,,,,,,173.7,,,,,,,,,,,,,,,,,,,,,,,,,,,,,,175.8,,,,,,,,,,,,,,,,,,,,179.2,,,,,,,,,,,,,,,,,,,,,,,,,,,,,,
890,Socialist Federal Republic of Yugoslavia (until 1992),,,,,,,,,,,,,,,,,,,,,,,,,,,,,,,,,,,,,,,,,,,,,,,,,,,,,,,,,,,,,,,,,,,,,,,,,,,,,,,,,,,,,,,,,,,,,,,,,,,,,,,,,,,,,,,,,,,,,,,,,,,,,,,,,,,,,,,,,,,,,,,,,,,,,,,,,,,,,,,,,,,,,,,,,,,,,,,,,,,,,,,,,,,,,,,,,,,,,,,,,
724,Spain,,,,,,,,,,,,,,,,,,,,,,,,,,,,,,,161.0,,,,,,,,,,163.7,,,,,,,,,,162.5,,,,,,,,,,162.7,,,,,,,,,,162.6,,,,,,,,,,163.9,,,,,,,,,,164.0,,,,,,,,,,164.6,,,,,,,,,,165.1,,,,,,,,,,165.6,,,,,,,,,,165.2,,,,,,,,,,166.3,,,,,,,,,,170.8,,,,,,,,,,174.2,,,,,,,,,,175.2,,,,,,,,,,175.6,,,,,,,,,,,,,,,,,,,,
807,The former Yugoslav Republic of Macedonia,,,,,,,,,,,,,,,,,,,,,,,,,,,,,,,,,,,,,,,,,,,,,,,,,,,,,,,,,,,,,,,,,,,,,,,,,,,,,,,,,,,,,,,,,,,,,,,,,,,,,167.7,,,,,,,,,,168.4,,,,,,,,,,169.6,,,,,,,,,,168.8,,,,,,,,,,,,,,,,,,,,,,,,,,,,,,,,,,,,,,,,,,,,,,,,,,,,,,,,,,,,,,,,,,,,,,
,,,,,,,,,,,,,,,,,,,,,,,,,,,,,,,,,,,,,,,,,,,,,,,,,,,,,,,,,,,,,,,,,,,,,,,,,,,,,,,,,,,,,,,,,,,,,,,,,,,,,,,,,,,,,,,,,,,,,,,,,,,,,,,,,,,,,,,,,,,,,,,,,,,,,,,,,,,,,,,,,,,,,,,,,,,,,,,,,,,,,,,,,,,,,,,,,,,,,,,,,,
151,Eastern Europe,,,,,,,,,,,,,,,,,,,,,,,,,,,,,,,,,,,,,,,,,,,,,,,,,,,,,,,,,,,,,,,,,,,,,,,,,,,,,,,,,,,,,,,,,,,,,,,,,,,,,,,,,,,,,,,,,,,,,,,,,,,,,,,,,,,,,,,,,,,,,,,,,,,,,,,,,,,,,,,,,,,,,,,,,,,,,,,,,,,,,,,,,,,,,,,,,,,,,,,,,
112,Belarus,,,,,,,,,,,,,,,,,,,,,,,,,,,,,,,,,,,,,,,,,163.9,,,,,,,,,,,,,,,,,,,,,,,,,,,,,,,,,,,,,,,,,,,,,,,,,,,,,,,,,,,,166.5,,,,,,,,,,,,,,,,,,,,,,,,,,,,,,,,,,,,,,,,,,,,,,,,,,,,,,,,,,,,,,,,,,,,,,,,,,,,,,,,176.4,,,,,,,,,,,,,,,,,,,,
100,Bulgaria,,,,,,,,,,,,,,,,,,,,,,,,,,,,,,,,,,,,,,,,,,,,,,,,,,,,,,,,,,,,,,,,,,,,,,,,,,,,,,,,,167.6,,,,,,,,,,,,,,,,,,,,,,,,,,,,,,,,,,,,,,,,,,,,,,,,,,171.7,,,,,,,,,,171.3,,,,,,,,,,172.9,,,,,,,,,,,,,,,,,,,,,,,,,,,,,,,,,,,,,,,,,,,,,,,,,,
203,Czech Republic,,,,,,,,,,,164.0,,,,,,,,,,163.0,,,,,,,,,,163.5,,,,,,,,,,164.8,,,,,,,,,,165.5,,,,,,,,,,166.0,,,,,,,,,,167.0,,,,,,,,,,167.6,,,,,,,,,,169.8,,,,,,,,,,170.7,,,,,,,,,,170.8,,,,,,,,,,173.3,,,,,,,,,,175.7,,,,,,,,,,176.8,,,,,,,,,,177.7,,,,,,,,,,,,,,,,,,,,178.7,,,,,,,,,,,,,,,,,,,,,,,,,,,,,,
200,Czechoslovakia (until 1993),,,,,,,,,,,,,,,,,,,,,,,,,,,,,,,,,,,,,,,,,,,,,,,,,,,166.2,,,,,,,,,,,,,,,,,,,,169.7,,,,,,,,,,167.1,,,,,,,,,,168.1,,,,,,,,,,,,,,,,,,,,,,,,,,,,,,,,,,,,,,,,,,,,,,,,,,,,,,,,,,,,,,,,,,,,,,175.8,,,,,,,,,,,,,,,,,,,,,,,,,,,,,,,,,,,,,,,,
348,Hungary,,,,,,,,,,,164.7,,,,,,,,,,164.3,,,,,,,,,,164.1,,,,,,,,,,164.0,,,,,,,,,,163.7,,,,,,,,,,165.3,,,,,,,,,,166.4,,,,,,,,,,169.1,,,,,,,,,,,,,,,,,,,,,,,,,,,,,,,,,,,,,,,,,,,,,,,,,,,,,,,,,,,,,,,,,,,,,,175.4,,,,,,,,,,178.2,,,,,,,,,,178.8,,,,,,,,,,,,,,,,,,,,,,,,,,,,,,
616,Poland,,,,,,,,,,,,,,,,,,,,,,,,,,,,,,,,,,,,,,,,,163.1,,,,,,,,,,,,,,,,,,,,165.5,,,,,,,,,,166.3,,,,,,,,,,166.8,,,,,,,,,,167.2,,,,,,,,,,166.6,,,,,,,,,,169.0,,,,,,,,,,,,,,,,,,,,173.0,,,,,,,,,,170.5,,,,,,,,,,173.2,,,,,,,,,,175.3,,,,,,,,,,,,,,,,,,,,177.4,,,,,,,,,,,,,,,,,,,,
498,Republic of Moldova,,,,,,,,,,,,,,,,,,,,,,,,,,,,,,,,,,,,,,,,,165.1,,,,,,,,,,,,,,,,,,,,,,,,,,,,,,,,,,,,,,,,,,,,,,,,,,,,,,,,,,,,,,,,,,,,,,,,,,,,,,,,,,,,,,,,,,,,,,,,,,,,,,,,,,,,,,172.0,,,,,,,,,,172.8,,,,,,,,,,173.5,,,,,,,,,,174.2,,,,,,,,,,,,,,,,,,,,
642,Romania,,,,,,,,,,,,,,,,,,,,,,,,,,,,,,,,,,,,,,,,,164.0,,,,,,,,,,163.4,,,,,,,,,,164.1,,,,,,,,,,165.4,,,,,,,,,,164.1,,,,,,,,,,,,,,,,,,,,168.3,,,,,,,,,,,,,,,,,,,,,,,,,,,,,,,,,,,,,,,,169.3,,,,,,,,,,,,,,,,,,,,,,,,,,,,,,,,,,,,,,,,,,,,,,,,,,,,,,,,,,,,
643,Russian Federation,,,,,,,,,,,159.8,,,,,,,,,,162.1,,,,,,,,,,163.0,,,,,,,,,,164.2,,,,,,,,,,163.4,,,,,,,,,,163.3,,,,,,,,,,165.8,,,,,,,,,,166.6,,,,,,,,,,168.3,,,,,,,,,,169.2,,,,,,,,,,169.1,,,,,,,,,,167.0,,,,,,,,,,167.9,,,,,,,,,,169.0,,,,,,,,,,172.0,,,,,,,,,,173.6,,,,,,,,,,177.0,,,,,,,,,,177.0,,,,,,,,,,,,,,,,,,,,
703,Slovakia,,,,,,,,,,,,,,,,,,,,,,,,,,,,,,,,,,,,,,,,,,,,,,,,,,,164.1,,,,,,,,,,163.5,,,,,,,,,,165.1,,,,,,,,,,165.8,,,,,,,,,,,,,,,,,,,,,,,,,,,,,,,,,,,,,,,,171.7,,,,,,,,,,173.3,,,,,,,,,,172.8,,,,,,,,,,,,,,,,,,,,,,,,,,,,,,,,,,,,,,,,,,,,,,,,,,,,,,,,,,,,
804,Ukraine,,,,,,,,,,,,,,,,,,,,,164.1,,,,,,,,,,164.8,,,,,,,,,,164.1,,,,,,,,,,163.1,,,,,,,,,,,,,,,,,,,,164.6,,,,,,,,,,165.4,,,,,,,,,,,,,,,,,,,,,,,,,,,,,,,,,,,,,,,,,,,,,,,,,,,,,,,,,,,,,,,,,,,,,,,,,,,,,,,,,,,,,,,,,,,,,,,,,,,,,,,,,,,,,,,,,,,,,,,,
810,USSR (until 1991),,,,,,,,,,,,,,,,,,,,,,,,,,,,,,,,,,,,,,,,,,,,,,,,,,,,,,,,,,,,,,,,,,,,,,,,,,,,,,,,,,,,,,,,,,,,,,,,,,,,,,,,,,,,,,,,,,,,,,,,,,,,,,,,,,,,,,,,,,,,,,,,,,,,,,,,,,,,,,,,,,,,,,,,,,,,,,,,,,,,,,,,,,,,,,,,,,,,,,,,,
,,,,,,,,,,,,,,,,,,,,,,,,,,,,,,,,,,,,,,,,,,,,,,,,,,,,,,,,,,,,,,,,,,,,,,,,,,,,,,,,,,,,,,,,,,,,,,,,,,,,,,,,,,,,,,,,,,,,,,,,,,,,,,,,,,,,,,,,,,,,,,,,,,,,,,,,,,,,,,,,,,,,,,,,,,,,,,,,,,,,,,,,,,,,,,,,,,,,,,,,,,
19,Americas,,,,,,,,,,,,,,,,,,,,,,,,,,,,,,,,,,,,,,,,,,,,,,,,,,,,,,,,,,,,,,,,,,,,,,,,,,,,,,,,,,,,,,,,,,,,,,,,,,,,,,,,,,,,,,,,,,,,,,,,,,,,,,,,,,,,,,,,,,,,,,,,,,,,,,,,,,,,,,,,,,,,,,,,,,,,,,,,,,,,,,,,,,,,,,,,,,,,,,,,,
21,Northern America,,,,,,,,,,,,,,,,,,,,,,,,,,,,,,,,,,,,,,,,,,,,,,,,,,,,,,,,,,,,,,,,,,,,,,,,,,,,,,,,,,,,,,,,,,,,,,,,,,,,,,,,,,,,,,,,,,,,,,,,,,,,,,,,,,,,,,,,,,,,,,,,,,,,,,,,,,,,,,,,,,,,,,,,,,,,,,,,,,,,,,,,,,,,,,,,,,,,,,,,,
60,Bermuda,,,,,,,,,,,,,,,,,,,,,,,,,,,,,,,,,,,,,,,,,,,,,,,,,,,,,,,,,,,,,,,,,,,,,,,,,,,,,,,,,,,,,,,,,,,,,,,,,,,,,,,,,,,,,,,,,,,,,,,,,,,,,,,,,,,,,,,,,,,,,,,,,,,,,,,,,,,,,,,,,,,,,,,,,,,,,,,,,,,,,,,,,,,,,,,,,,,,,,,,,
124,Canada,,,,,,,,,,,171.5,,,,,,,,,,171.5,,,,,,,,,,171.5,,,,,,,,,,170.4,,,,,,,,,,172.5,,,,,,,,,,172.0,,,,,,,,,,171.2,,,,,,,,,,171.2,,,,,,,,,,170.7,,,,,,,,,,169.9,,,,,,,,,,171.5,,,,,,,,,,173.0,,,,,,,,,,172.7,,,,,,,,,,174.6,,,,,,,,,,177.0,,,,,,,,,,178.3,,,,,,,,,,178.8,,,,,,,,,,179.6,,,,,,,,,,,,,,,,,,,,
304,Greenland,,,,,,,,,,,,,,,,,,,,,,,,,,,,,,,,,,,,,,,,,,,,,,,,,,,,,,,,,,,,,,,,,,,,,,,,,,,,,,,,,,,,,,,,,,,,,,,,,,,,,,,,,,,,,,,,,,,,,,,,,,,,,,,,,,,,,,,,,,,,,,,,,,,,,,,,,,,,,,,,,,,,,,,,,,,,,,,,,,,,,,,,,,,,,,,,,,,,,,,,,
666,Saint Pierre and Miquelon,,,,,,,,,,,,,,,,,,,,,,,,,,,,,,,,,,,,,,,,,,,,,,,,,,,,,,,,,,,,,,,,,,,,,,,,,,,,,,,,,,,,,,,,,,,,,,,,,,,,,,,,,,,,,,,,,,,,,,,,,,,,,,,,,,,,,,,,,,,,,,,,,,,,,,,,,,,,,,,,,,,,,,,,,,,,,,,,,,,,,,,,,,,,,,,,,,,,,,,,,
840,United States of America,,,,,,,,,,,,,,,,,,,,,172.2,,,,,,,,,,173.5,,,,,,,,,,172.2,,,,,,,,,,171.1,,,,,,,,,,170.6,,,,,,,,,,171.1,,,,,,,,,,169.5,,,,,,,,,,169.1,,,,,,,,,,170.0,,,,,,,,,,172.1,,,,,,,,,,173.1,,,,,,,,,,173.4,,,,,,,,,,176.1,,,,,,,,,,177.1,,,,,,,,,,177.3,,,,,,,,,,178.3,,,,,,,,,,179.0,,,,,,,,,,,,,,,,,,,,
,,,,,,,,,,,,,,,,,,,,,,,,,,,,,,,,,,,,,,,,,,,,,,,,,,,,,,,,,,,,,,,,,,,,,,,,,,,,,,,,,,,,,,,,,,,,,,,,,,,,,,,,,,,,,,,,,,,,,,,,,,,,,,,,,,,,,,,,,,,,,,,,,,,,,,,,,,,,,,,,,,,,,,,,,,,,,,,,,,,,,,,,,,,,,,,,,,,,,,,,,,
419,Latin America and the Caribbean,,,,,,,,,,,,,,,,,,,,,,,,,,,,,,,,,,,,,,,,,,,,,,,,,,,,,,,,,,,,,,,,,,,,,,,,,,,,,,,,,,,,,,,,,,,,,,,,,,,,,,,,,,,,,,,,,,,,,,,,,,,,,,,,,,,,,,,,,,,,,,,,,,,,,,,,,,,,,,,,,,,,,,,,,,,,,,,,,,,,,,,,,,,,,,,,,,,,,,,,,
29,Caribbean,,,,,,,,,,,,,,,,,,,,,,,,,,,,,,,,,,,,,,,,,,,,,,,,,,,,,,,,,,,,,,,,,,,,,,,,,,,,,,,,,,,,,,,,,,,,,,,,,,,,,,,,,,,,,,,,,,,,,,,,,,,,,,,,,,,,,,,,,,,,,,,,,,,,,,,,,,,,,,,,,,,,,,,,,,,,,,,,,,,,,,,,,,,,,,,,,,,,,,,,,
660,Anguilla,,,,,,,,,,,,,,,,,,,,,,,,,,,,,,,,,,,,,,,,,,,,,,,,,,,,,,,,,,,,,,,,,,,,,,,,,,,,,,,,,,,,,,,,,,,,,,,,,,,,,,,,,,,,,,,,,,,,,,,,,,,,,,,,,,,,,,,,,,,,,,,,,,,,,,,,,,,,,,,,,,,,,,,,,,,,,,,,,,,,,,,,,,,,,,,,,,,,,,,,,
28,Antigua and Barbuda,,,,,,,,,,,,,,,,,,,,,,,,,,,,,,,,,,,,,,,,,,,,,,,,,,,,,,,,,,,,,,,,,,,,,,,,,,,,,,,,,,,,,,,,,,,,,,,,,,,,,,,,,,,,,,,,,,,,,,,,,,,,,,,,,,,,,,,,,,,,,,,,,,,,,,,,,,,,,,,,,,,,,,,,,,,,,,,,,,,,,,,,,,,,,,,,,,,,,,,,,
533,Aruba,,,,,,,,,,,,,,,,,,,,,,,,,,,,,,,,,,,,,,,,,,,,,,,,,,,,,,,,,,,,,,,,,,,,,,,,,,,,,,,,,,,,,,,,,,,,,,,,,,,,,,,,,,,,,,,,,,,,,,,,,,,,,,,,,,,,,,,,,,,,,,,,,,,,,,,,,,,,,,,,,,,,,,,,,,,,,,,,,,,,,,,,,,,,,,,,,,,,,,,,,
44,Bahamas,,,,,,,,,,,,,,,,,,,,,,,,,,,,,,,,,,,,,,,,,,,,,,,,,,,,,,,,,,,,,,,,,,,,,,,,,,,,,,,,,,,,,,,,,,,,,,,,,,,,,,,,,,,,,,,,,,,,,,,,,,,,,,,,,,,,,,,,,,,,,,,,,,,,,,,,,,,,,,,,,,,,,,,,,,,,,,,,,,,,,,,,,,,,,,,,,,,,,,,,,
52,Barbados,,,,,,,,,,,,,,,,,,,,,,,,,,,,,,,,,,,,,,,,,,,,,,,,,,,,,,,,,,,,,,,,,,,,,,,,,,,,,,,,,,,,,,,,,,,,,,,,,,,,,,,,,,,,,,,,,,,,,,,,,,,,,,,,,,,,,,,,,,,,,,,,,,,,,,,,,,,,,,,,,,,,,,,,,,,,,,,,,,,,,,,,,,,,,,,,,,,,,,,,,
535,"Bonaire, Saint Eustatius and Saba",,,,,,,,,,,,,,,,,,,,,,,,,,,,,,,,,,,,,,,,,,,,,,,,,,,,,,,,,,,,,,,,,,,,,,,,,,,,,,,,,,,,,,,,,,,,,,,,,,,,,,,,,,,,,,,,,,,,,,,,,,,,,,,,,,,,,,,,,,,,,,,,,,,,,,,,,,,,,,,,,,,,,,,,,,,,,,,,,,,,,,,,,,,,,,,,,,,,,,,,,
92,British Virgin Islands,,,,,,,,,,,,,,,,,,,,,,,,,,,,,,,,,,,,,,,,,,,,,,,,,,,,,,,,,,,,,,,,,,,,,,,,,,,,,,,,,,,,,,,,,,,,,,,,,,,,,,,,,,,,,,,,,,,,,,,,,,,,,,,,,,,,,,,,,,,,,,,,,,,,,,,,,,,,,,,,,,,,,,,,,,,,,,,,,,,,,,,,,,,,,,,,,,,,,,,,,
136,Cayman Islands,,,,,,,,,,,,,,,,,,,,,,,,,,,,,,,,,,,,,,,,,,,,,,,,,,,,,,,,,,,,,,,,,,,,,,,,,,,,,,,,,,,,,,,,,,,,,,,,,,,,,,,,,,,,,,,,,,,,,,,,,,,,,,,,,,,,,,,,,,,,,,,,,,,,,,,,,,,,,,,,,,,,,,,,,,,,,,,,,,,,,,,,,,,,,,,,,,,,,,,,,
192,Cuba,,,,,,,,,,,,,,,,,,,,,,,,,,,,,,,,,,,,,,,,,,,,,,,,,,,,,,,,,,,,,,,,,,,,,,,167.1,,,,,,,,,,166.8,,,,,,,,,,166.0,,,,,,,,,,166.1,,,,,,,,,,167.9,,,,,,,,,,,,,,,,,,,,,,,,,,,,,,169.4,,,,,,,,,,169.2,,,,,,,,,,,,,,,,,,,,,,,,,,,,,,,,,,,,,,,,,,,,,,,,,,
531,Curaçao,,,,,,,,,,,,,,,,,,,,,,,,,,,,,,,,,,,,,,,,,,,,,,,,,,,,,,,,,,,,,,,,,,,,,,,,,,,,,,,,,,,,,,,,,,,,,,,,,,,,,,,,,,,,,,,,,,,,,,,,,,,,,,,,,,,,,,,,,,,,,,,,,,,,,,,,,,,,,,,,,,,,,,,,,,,,,,,,,,,,,,,,,,,,,,,,,,,,,,,,,
212,Dominica,,,,,,,,,,,,,,,,,,,,,,,,,,,,,,,,,,,,,,,,,,,,,,,,,,,,,,,,,,,,,,,,,,,,,,,,,,,,,,,,,,,,,,,,,,,,,,,,,,,,,,,,,,,,,,,,,,,,,,,,,,,,,,,,,,,,,,,,,,,,,,,,,,,,,,,,,,,,,,,,,,,,,,,,,,,,,,,,,,,,,,,,,,,,,,,,,,,,,,,,,
214,Dominican Republic,,,,,,,,,,,,,,,,,,,,,,,,,,,,,,,,,,,,,,,,,,,,,,,,,,,,,,,,,,,,,,,,,,,,,,,,,,,,,,,,,,,,,,,,,,,,,,,,,,,,,,,,,,,,,,,,,,,,,,,,,,,,,,,,,,,,,,,,,,,,,167.4,,,,,,,,,,168.1,,,,,,,,,,169.0,,,,,,,,,,168.8,,,,,,,,,,,,,,,,,,,,,,,,,,,,,,
308,Grenada,,,,,,,,,,,,,,,,,,,,,,,,,,,,,,,,,,,,,,,,,,,,,,,,,,,,,,,,,,,,,,,,,,,,,,,,,,,,,,,,,,,,,,,,,,,,,,,,,,,,,,,,,,,,,,,,,,,,,,,,,,,,,,,,,,,,,,,,,,,,,,,,,,,,,,,,,,,,,,,,,,,,,,,,,,,,,,,,,,,,,,,,,,,,,,,,,,,,,,,,,
312,Guadeloupe,,,,,,,,,,,,,,,,,,,,,,,,,,,,,,,,,,,,,,,,,,,,,,,,,,,,,,,,,,,,,,,,,,,,,,,,,,,,,,,,,,,,,,,,,,,,,,,,,,,,,,,,,,,,,,,,,,,,,,,,,,,,,,,,,,,,,,,,,,,,,,,,,,,,,,,,,,,,,,,,,,,,,,,,,,,,,,,,,,,,,,,,,,,,,,,,,,,,,,,,,
332,Haiti,,,,,,,,,,,,,,,,,,,,,,,,,,,,,,,,,,,,,,,,,,,,,,,,,,,,,,,,,,,,,,,,,,,,,,,,,,,,,,,,,,,,,,,,,,,,,,,,,,,,,,,,,,,,,,,,,,,,,,,,,166.9,,,,,,,,,,166.7,,,,,,,,,,,,,,,,,,,,170.4,,,,,,,,,,171.1,,,,,,,,,,171.3,,,,,,,,,,171.5,,,,,,,,,,,,,,,,,,,,
388,Jamaica,,,,,,,,,,,,,,,,,,,,,,,,,,,,,,,,,,,,,,,,,,,,,,,,,,,,,,,,,,,,,,,,,,,,,,,,,,,,,,,,,,,,,,,,,,,170.2,,,,,,,,,,,,,,,,,,,,167.1,,,,,,,,,,167.9,,,,,,,,,,169.7,,,,,,,,,,168.3,,,,,,,,,,,,,,,,,,,,,,,,,,,,,,,,,,,,,,,,173.6,,,,,,,,,,,,,,,,,,,,
474,Martinique,,,,,,,,,,,,,,,,,,,,,,,,,,,,,,,,,,,,,,,,,,,,,,,,,,,,,,,,,,,,,,,,,,,,,,,,,,,,,,,,,,,,,,,,,,,,,,,,,,,,,,,,,,,,,,,,,,,,,,,,,,,,,,,,,,,,,,,,,,,,,,,,,,,,,,,,,,,,,,,,,,,,,,,,,,,,,,,,,,,,,,,,,,,,,,,,,,,,,,,,,
500,Montserrat,,,,,,,,,,,,,,,,,,,,,,,,,,,,,,,,,,,,,,,,,,,,,,,,,,,,,,,,,,,,,,,,,,,,,,,,,,,,,,,,,,,,,,,,,,,,,,,,,,,,,,,,,,,,,,,,,,,,,,,,,,,,,,,,,,,,,,,,,,,,,,,,,,,,,,,,,,,,,,,,,,,,,,,,,,,,,,,,,,,,,,,,,,,,,,,,,,,,,,,,,
530,Netherlands Antilles (until 2010),,,,,,,,,,,,,,,,,,,,,,,,,,,,,,,,,,,,,,,,,,,,,,,,,,,,,,,,,,,,,,,,,,,,,,,,,,,,,,,,,,,,,,,,,,,,,,,,,,,,,,,,,,,,,,,,,,,,,,,,,,,,,,,,,,,,,,,,,,,,,,,,,,,,,,,,,,,,,,,,,,,,,,,,,,,,,,,,,,,,,,,,,,,,,,,,,,,,,,,,,
630,Puerto Rico,,,,,,,,,,,,,,,,,,,,,,,,,,,,,,,,,,,,,,,,,,,,,,,,,,,,,,,,,,,,,,,,,,,,,,,,,,,,,,,,,,,,,,,,,,,164.5,,,,,,,,,,164.0,,,,,,,,,,165.4,,,,,,,,,,164.0,,,,,,,,,,163.7,,,,,,,,,,,,,,,,,,,,,,,,,,,,,,,,,,,,,,,,,,,,,,,,,,,,,,,,,,,,,,,,,,,,,,
652,Saint-Barthélemy,,,,,,,,,,,,,,,,,,,,,,,,,,,,,,,,,,,,,,,,,,,,,,,,,,,,,,,,,,,,,,,,,,,,,,,,,,,,,,,,,,,,,,,,,,,,,,,,,,,,,,,,,,,,,,,,,,,,,,,,,,,,,,,,,,,,,,,,,,,,,,,,,,,,,,,,,,,,,,,,,,,,,,,,,,,,,,,,,,,,,,,,,,,,,,,,,,,,,,,,,
659,Saint Kitts and Nevis,,,,,,,,,,,,,,,,,,,,,,,,,,,,,,,,,,,,,,,,,,,,,,,,,,,,,,,,,,,,,,,,,,,,,,,,,,,,,,,,,,,,,,,,,,,,,,,,,,,,,,,,,,,,,,,,,,,,,,,,,,,,,,,,,,,,,,,,,,,,,,,,,,,,,,,,,,,,,,,,,,,,,,,,,,,,,,,,,,,,,,,,,,,,,,,,,,,,,,,,,
662,Saint Lucia,,,,,,,,,,,,,,,,,,,,,,,,,,,,,,,,,,,,,,,,,,,,,,,,,,,,,,,,,,,,,,,,,,,,,,,,,,,,,,,,,,,,,,,,,,,,,,,,,,,,,,,,,,,,,,,,,,,,,,,,,,,,,,,,,,,,,,,,,,,,,,,,,,,,,,,,,,,,,,,,,,,,,,,,,,,,,,,,,,,,,,,,,,,,,,,,,,,,,,,,,
663,Saint Martin (French part),,,,,,,,,,,,,,,,,,,,,,,,,,,,,,,,,,,,,,,,,,,,,,,,,,,,,,,,,,,,,,,,,,,,,,,,,,,,,,,,,,,,,,,,,,,,,,,,,,,,,,,,,,,,,,,,,,,,,,,,,,,,,,,,,,,,,,,,,,,,,,,,,,,,,,,,,,,,,,,,,,,,,,,,,,,,,,,,,,,,,,,,,,,,,,,,,,,,,,,,,
670,Saint Vincent and the Grenadines,,,,,,,,,,,,,,,,,,,,,,,,,,,,,,,,,,,,,,,,,,,,,,,,,,,,,,,,,,,,,,,,,,,,,,,,,,,,,,,,,,,,,,,,,,,,,,,,,,,,,,,,,,,,,,,,,,,,,,,,,,,,,,,,,,,,,,,,,,,,,,,,,,,,,,,,,,,,,,,,,,,,,,,,,,,,,,,,,,,,,,,,,,,,,,,,,,,,,,,,,
534,Sint Maarten (Dutch part),,,,,,,,,,,,,,,,,,,,,,,,,,,,,,,,,,,,,,,,,,,,,,,,,,,,,,,,,,,,,,,,,,,,,,,,,,,,,,,,,,,,,,,,,,,,,,,,,,,,,,,,,,,,,,,,,,,,,,,,,,,,,,,,,,,,,,,,,,,,,,,,,,,,,,,,,,,,,,,,,,,,,,,,,,,,,,,,,,,,,,,,,,,,,,,,,,,,,,,,,
780,Trinidad and Tobago,,,,,,,,,,,,,,,,,,,,,,,,,,,,,,,,,,,,,,,,,,,,,,,,,,,,,,,,,,,,,,,,,,,,,,,,,,,,,,,,,,,,,,,,,,,,,,,,,,,,,,,,,,,,,,,,,,,,,,,,,,,,,,,,,,,,,,,,,,,,,,,,,,,,,,,,,,,,,,,,,,,,,,,,,,,,,,,,,,,,,174.4,,,,,,,,,,,,,,,,,,,,
796,Turks and Caicos Islands,,,,,,,,,,,,,,,,,,,,,,,,,,,,,,,,,,,,,,,,,,,,,,,,,,,,,,,,,,,,,,,,,,,,,,,,,,,,,,,,,,,,,,,,,,,,,,,,,,,,,,,,,,,,,,,,,,,,,,,,,,,,,,,,,,,,,,,,,,,,,,,,,,,,,,,,,,,,,,,,,,,,,,,,,,,,,,,,,,,,,,,,,,,,,,,,,,,,,,,,,
850,United States Virgin Islands,,,,,,,,,,,,,,,,,,,,,,,,,,,,,,,,,,,,,,,,,,,,,,,,,,,,,,,,,,,,,,,,,,,,,,,,,,,,,,,,,,,,,,,,,,,,,,,,,,,,,,,,,,,,,,,,,,,,,,,,,,,,,,,,,,,,,,,,,,,,,,,,,,,,,,,,,,,,,,,,,,,,,,,,,,,,,,,,,,,,,,,,,,,,,,,,,,,,,,,,,
,,,,,,,,,,,,,,,,,,,,,,,,,,,,,,,,,,,,,,,,,,,,,,,,,,,,,,,,,,,,,,,,,,,,,,,,,,,,,,,,,,,,,,,,,,,,,,,,,,,,,,,,,,,,,,,,,,,,,,,,,,,,,,,,,,,,,,,,,,,,,,,,,,,,,,,,,,,,,,,,,,,,,,,,,,,,,,,,,,,,,,,,,,,,,,,,,,,,,,,,,,
13,Central America,,,,,,,,,,,,,,,,,,,,,,,,,,,,,,,,,,,,,,,,,,,,,,,,,,,,,,,,,,,,,,,,,,,,,,,,,,,,,,,,,,,,,,,,,,,,,,,,,,,,,,,,,,,,,,,,,,,,,,,,,,,,,,,,,,,,,,,,,,,,,,,,,,,,,,,,,,,,,,,,,,,,,,,,,,,,,,,,,,,,,,,,,,,,,,,,,,,,,,,,,
84,Belize,,,,,,,,,,,,,,,,,,,,,,,,,,,,,,,,,,,,,,,,,,,,,,,,,,,,,,,,,,,,,,,,,,,,,,,,,,,,,,,,,,,,,,,,,,,,,,,,,,,,,,,,,,,,,,,,,,,,,,,,,,,,,,,,,,,,,,,,,,,,,,,,,,,,,,,,,,,,,,,,,,,,,,,,,,,,,,,,,,,,,,,,,,,,,,,,,,,,,,,,,
188,Costa Rica,,,,,,,,,,,,,,,,,,,,,,,,,,,,,,,,,,,,,,,,,,,,,,,,,,,,,,,,,,,,,,,,,,,,,,,,,,,,,,,,,,,,,,,,,,,,,,,,,,,,,,,,,,,,,,,,,,,,,,,,,,,,,,,,,,,,,,,,,,,,,166.1,,,,,,,,,,,,,,,,,,,,,,,,,,,,,,,,,,,,,,,,173.6,,,,,,,,,,,,,,,,,,,,
222,El Salvador,,,,,,,,,,,,,,,,,,,,,,,,,,,,,,,,,,,,,,,,,,,,,,,,,,,,,,,,,,,,,,,,,,,,,,,,,,,,,,,,,,,,,,,,,,,,,,,,,,,,,,,,,,,,,,,,,,,,,,,,,,,,,,,,,,,,,,,,,,,,,,,,,,,,,,,,,,,,,,,,,,,,,,,,,,,,,,,,,,,,,,,,,,,,,,,,,,,,,,,,,
320,Guatemala,,,,,,,,,,,,,,,,,,,,,,,,,,,,,,,,,,,,,,,,,,,,,,,,,,,,,,,,,,,,,,,,,,,,,,,,,,,,,,,,,,,,,,,,,,,156.3,,,,,,,,,,,,,,,,,,,,156.0,,,,,,,,,,158.7,,,,,,,,,,158.7,,,,,,,,,,,,,,,,,,,,159.2,,,,,,,,,,159.8,,,,,,,,,,160.3,,,,,,,,,,160.8,,,,,,,,,,,,,,,,,,,,
340,Honduras,,,,,,,,,,,,,,,,,,,,,,,,,,,,,,,,,,,,,,,,,,,,,,,,,,,,,,,,,,,,,,,,,,,,,,,,,,,,,,,,,,,,,,,,,,,,,,,,,,,,,,,,,,,,,,,,,,,,,,,,,,,,,,,,,,,,,,,,,,,,,,,,,,,,,,,164.0,,,,,,,,,,164.2,,,,,,,,,,164.6,,,,,,,,,,164.7,,,,,,,,,,,,,,,,,,,,
484,Mexico,,,,,,,,,,,161.3,,,,,,,,,,160.4,,,,,,,,,,160.4,,,,,,,,,,162.5,,,,,,,,,,163.4,,,,,,,,,,162.9,,,,,,,,,,163.7,,,,,,,,,,163.9,,,,,,,,,,163.9,,,,,,,,,,163.9,,,,,,,,,,163.7,,,,,,,,,,161.1,,,,,,,,,,165.5,,,,,,,,,,165.8,,,,,,,,,,165.1,,,,,,,,,,166.4,,,,,,,,,,,,,,,,,,,,167.8,,,,,,,,,,,,,,,,,,,,
558,Nicaragua,,,,,,,,,,,,,,,,,,,,,,,,,,,,,,,,,,,,,,,,,,,,,,,,,,,,,,,,,,,,,,,,,,,,,,,,,,,,,,,,,,,,,,,,,,,,,,,,,,,,,,,,,,,,,,,,,,,,,,,,,,,,,,,,,,,,,,,,,,,,,,,,,,,,,,,165.6,,,,,,,,,,165.9,,,,,,,,,,166.2,,,,,,,,,,166.4,,,,,,,,,,,,,,,,,,,,
591,Panama,,,,,,,,,,,,,,,,,,,,,,,,,,,,,,,,,,,,,,,,,,,,,,,,,,,,,,,,,,,,,,,,,,,,,,,,,,,,,,,,,,,,,,,,,,,,,,,,,,,,,,,,,,,,,,,,,,,,,,,,,,,,,,,,,,,,,,,,,,,,,,,,,,,,,,,,,,,,,,,,,,,,,,,,,,,,,,,,,,,,,170.0,,,,,,,,,,,,,,,,,,,,
,,,,,,,,,,,,,,,,,,,,,,,,,,,,,,,,,,,,,,,,,,,,,,,,,,,,,,,,,,,,,,,,,,,,,,,,,,,,,,,,,,,,,,,,,,,,,,,,,,,,,,,,,,,,,,,,,,,,,,,,,,,,,,,,,,,,,,,,,,,,,,,,,,,,,,,,,,,,,,,,,,,,,,,,,,,,,,,,,,,,,,,,,,,,,,,,,,,,,,,,,,
5,South America,,,,,,,,,,,,,,,,,,,,,,,,,,,,,,,,,,,,,,,,,,,,,,,,,,,,,,,,,,,,,,,,,,,,,,,,,,,,,,,,,,,,,,,,,,,,,,,,,,,,,,,,,,,,,,,,,,,,,,,,,,,,,,,,,,,,,,,,,,,,,,,,,,,,,,,,,,,,,,,,,,,,,,,,,,,,,,,,,,,,,,,,,,,,,,,,,,,,,,,,,
32,Argentina,,,,,,,,,,,168.8,,,,,,,,,,169.9,,,,,,,,,,170.9,,,,,,,,,,169.6,,,,,,,,,,168.2,,,,,,,,,,167.4,,,,,,,,,,167.6,,,,,,,,,,167.6,,,,,,,,,,167.8,,,,,,,,,,167.9,,,,,,,,,,168.2,,,,,,,,,,169.0,,,,,,,,,,169.8,,,,,,,,,,170.6,,,,,,,,,,170.8,,,,,,,,,,,,,,,,,,,,,,,,,,,,,,,,,,,,,,,,,,,,,,,,,,
68,Bolivia (Plurinational State of),,,,,,,,,,,,,,,,,,,,,,,,,,,,,,,,,,,,,,,,,,,,,,,,,,,,,,,,,,,,,,,,,,,,,,,,,,,,,,,,,,,,,,,,,,,163.6,,,,,,,,,,162.5,,,,,,,,,,,,,,,,,,,,,,,,,,,,,,162.5,,,,,,,,,,163.4,,,,,,,,,,162.5,,,,,,,,,,163.2,,,,,,,,,,163.9,,,,,,,,,,164.2,,,,,,,,,,,,,,,,,,,,
76,Brazil,,,,,,,,,,,164.3,,,,,,,,,,164.3,,,,,,,,,,164.8,,,,,,,,,,164.6,,,,,,,,,,164.5,,,,,,,,,,165.0,,,,,,,,,,166.5,,,,,,,,,,166.1,,,,,,,,,,167.1,,,,,,,,,,167.5,,,,,,,,,,166.5,,,,,,,,,,166.6,,,,,,,,,,167.0,,,,,,,,,,167.1,,,,,,,,,,168.2,,,,,,,,,,169.0,,,,,,,,,,171.6,,,,,,,,,,171.7,,,,,,,,,,,,,,,,,,,,
152,Chile,,,,,,,,,,,,,,,,,,,,,,,,,,,,,,,,,,,,,,,,,,,,,,,,,,,,,,,,,,,,,,,,,,,,,,,,,,,,,,,,,,,,,,,,,,,,,,,,,,,,,,,,,,,,,,,,,,,,,,,,,,,,,,,,,,,,,,,,,,,,,,,,,,,,,,,169.6,,,,,,,,,,,,,,,,,,,,,,,,,,,,,,173.1,,,,,,,,,,,,,,,,,,,,
170,Colombia,,,,,,,,,,,,,,,,,,,,,,,,,,,,,,,,,,,,,,,,,,,,,,,,,,,,,,,,,,,,,,,,,,,,,,,161.1,,,,,,,,,,162.1,,,,,,,,,,161.9,,,,,,,,,,161.8,,,,,,,,,,163.5,,,,,,,,,,164.7,,,,,,,,,,165.5,,,,,,,,,,167.1,,,,,,,,,,167.8,,,,,,,,,,168.5,,,,,,,,,,168.9,,,,,,,,,,170.6,,,,,,,,,,,,,,,,,,,,
218,Ecuador,,,,,,,,,,,,,,,,,,,,,,,,,,,,,,,,,,,,,,,,,,,,,,,,,,,,,,,,,,,,,,,,,,,,,,,,,,,,,,,,,,,,,,,,,,,,,,,,,,,,,,,,,,,,,,,,,,,,,,,,,,,,,,,,,,,,,,,,,,,,,,,,,,,,,,,,,,,,,,,,,,,,,,,,,,,,,,,,,,,,,,,,,,,,,,,,,,,,,,,,,
238,Falkland Islands (Malvinas),,,,,,,,,,,,,,,,,,,,,,,,,,,,,,,,,,,,,,,,,,,,,,,,,,,,,,,,,,,,,,,,,,,,,,,,,,,,,,,,,,,,,,,,,,,,,,,,,,,,,,,,,,,,,,,,,,,,,,,,,,,,,,,,,,,,,,,,,,,,,,,,,,,,,,,,,,,,,,,,,,,,,,,,,,,,,,,,,,,,,,,,,,,,,,,,,,,,,,,,,
254,French Guiana,,,,,,,,,,,,,,,,,,,,,,,,,,,,,,,,,,,,,,,,,,,,,,,,,,,,,,,,,,,,,,,,,,,,,,,,,,,,,,,,,,,,,,,,,,,,,,,,,,,,,,,,,,,,,,,,,,,,,,,,,,,,,,,,,,,,,,,,,,,,,,,,,,,,,,,,,,,,,,,,,,,,,,,,,,,,,,,,,,,,,,,,,,,,,,,,,,,,,,,,,
328,Guyana,,,,,,,,,,,,,,,,,,,,,,,,,,,,,,,,,,,,,,,,,,,,,,,,,,,,,,,,,,,,,,,,,,,,,,,,,,,,,,,,,159.2,,,,,,,,,,157.5,,,,,,,,,,156.8,,,,,,,,,,,,,,,,,,,,,,,,,,,,,,,,,,,,,,,,,,,,,,,,,,,,,,,,,,,,,,,,,,,,,,167.2,,,,,,,,,,170.5,,,,,,,,,,,,,,,,,,,,
600,Paraguay,,,,,,,,,,,,,,,,,,,,,,,,,,,,,,,,,,,,,,,,,,,,,,,,,,,,,,,,,,,,,,,,,,,,,,,,,,,,,,,,,,,,,,,,,,,,,,,,,,,,,165.6,,,,,,,,,,,,,,,,,,,,,,,,,,,,,,165.4,,,,,,,,,,,,,,,,,,,,,,,,,,,,,,,,,,,,,,,,,,,,,,,,,,,,,,,,,,,,,,,,,,,,,,
604,Peru,,,,,,,,,,,163.4,,,,,,,,,,162.6,,,,,,,,,,162.5,,,,,,,,,,161.3,,,,,,,,,,161.8,,,,,,,,,,161.7,,,,,,,,,,161.3,,,,,,,,,,161.5,,,,,,,,,,,,,,,,,,,,,,,,,,,,,,,,,,,,,,,,,,,,,,,,,,159.7,,,,,,,,,,160.9,,,,,,,,,,162.2,,,,,,,,,,163.1,,,,,,,,,,163.9,,,,,,,,,,164.2,,,,,,,,,,,,,,,,,,,,
740,Suriname,,,,,,,,,,,,,,,,,,,,,,,,,,,,,,,,,,,,,,,,,,,,,,,,,,,,,,,,,,,,,,,,,,,,,,,,,,,,,,,,,,,,,,,,,,,,,,,,,,,,,,,,,,,,,,,,,,,,,,,,,,,,,,,,,,,,,,,,,,,,,,,,,,,,,,,,,,,,,,,,,,,,,,,,,,,,,,,,,,,,,,,,,,,,,,,,,,,,,,,,,
858,Uruguay,,,,,,,,,,,,,,,,,,,,,,,,,,,,,,,,,,,,,,,,,,,,,,,,,,,,,,,,,,,,,,,,,,,,,,,,,,,,,,,,,165.0,,,,,,,,,,,,,,,,,,,,,,,,,,,,,,,,,,,,,,,,,,,,,,,,,,168.1,,,,,,,,,,,,,,,,,,,,,,,,,,,,,,,,,,,,,,,,,,,,,,,,,,,,,,,,,,,,,,,,,,,,,,
862,Venezuela (Bolivarian Republic of),,,,,,,,,,,,,,,,,,,,,,,,,,,,,,,,,,,,,,,,,,,,,,,,,,,,,,,,,,,,,,,,,,,,,,,,,,,,,,,,,,,,,,,,,,,,,,,,,,,,,,,,,,,,,,,,,,,,,,,,,,,,,,,,,,,,,,,,,,,,,,,,,,,,,,,,,,,,,,,,,,,,,,,,,,,,,,,,,,,,,,,,,,,,,,,,,,,,,,,,,
,,,,,,,,,,,,,,,,,,,,,,,,,,,,,,,,,,,,,,,,,,,,,,,,,,,,,,,,,,,,,,,,,,,,,,,,,,,,,,,,,,,,,,,,,,,,,,,,,,,,,,,,,,,,,,,,,,,,,,,,,,,,,,,,,,,,,,,,,,,,,,,,,,,,,,,,,,,,,,,,,,,,,,,,,,,,,,,,,,,,,,,,,,,,,,,,,,,,,,,,,,
9,Oceania,,,,,,,,,,,,,,,,,,,,,,,,,,,,,,,,,,,,,,,,,,,,,,,,,,,,,,,,,,,,,,,,,,,,,,,,,,,,,,,,,,,,,,,,,,,,,,,,,,,,,,,,,,,,,,,,,,,,,,,,,,,,,,,,,,,,,,,,,,,,,,,,,,,,,,,,,,,,,,,,,,,,,,,,,,,,,,,,,,,,,,,,,,,,,,,,,,,,,,,,,
53,Australia and New Zealand,,,,,,,,,,,,,,,,,,,,,,,,,,,,,,,,,,,,,,,,,,,,,,,,,,,170.0,,,,,,,,,,170.6,,,,,,,,,,170.1,,,,,,,,,,171.1,,,,,,,,,,171.3,,,,,,,,,,172.3,,,,,,,,,,172.7,,,,,,,,,,172.8,,,,,,,,,,,,,,,,,,,,,,,,,,,,,,,,,,,,,,,,176.3,,,,,,,,,,178.4,,,,,,,,,,,,,,,,,,,,,,,,,,,,,,
36,Australia,,,,,,,,,,,,,,,,,,,,,,,,,,,,,,,,,,,,,,,,,,,,,,,,,,,170.0,,,,,,,,,,170.6,,,,,,,,,,170.1,,,,,,,,,,171.1,,,,,,,,,,171.3,,,,,,,,,,172.3,,,,,,,,,,172.7,,,,,,,,,,172.8,,,,,,,,,,,,,,,,,,,,,,,,,,,,,,,,,,,,,,,,176.3,,,,,,,,,,178.4,,,,,,,,,,,,,,,,,,,,,,,,,,,,,,
554,New Zealand,,,,,,,,,,,,,,,,,,,,,,,,,,,,,,,,,,,,,,,,,,,,,,,,,,,,,,,,,,,,,172.4,,,,,,,,,,172.4,,,,,,,,,,172.7,,,,,,,,,,172.0,,,,,,,,,,,,,,,,,,,,,,,,,,,,,,,,,,,,,,,,174.6,,,,,,,,,,,,,,,,,,,,,,,,,,,,,,,,,,,,,,,,,,,,,,,,,,,,,,,,,,,,,,,,,,,,,,
574,Norfolk Island,,,,,,,,,,,,,,,,,,,,,,,,,,,,,,,,,,,,,,,,,,,,,,,,,,,,,,,,,,,,,,,,,,,,,,,,,,,,,,,,,,,,,,,,,,,,,,,,,,,,,,,,,,,,,,,,,,,,,,,,,,,,,,,,,,,,,,,,,,,,,,,,,,,,,,,,,,,,,,,,,,,,,,,,,,,,,,,,,,,,,,,,,,,,,,,,,,,,,,,,,
,,,,,,,,,,,,,,,,,,,,,,,,,,,,,,,,,,,,,,,,,,,,,,,,,,,,,,,,,,,,,,,,,,,,,,,,,,,,,,,,,,,,,,,,,,,,,,,,,,,,,,,,,,,,,,,,,,,,,,,,,,,,,,,,,,,,,,,,,,,,,,,,,,,,,,,,,,,,,,,,,,,,,,,,,,,,,,,,,,,,,,,,,,,,,,,,,,,,,,,,,,
54,Melanesia,,,,,,,,,,,,,,,,,,,,,,,,,,,,,,,,,,,,,,,,,,,,,,,,,,,,,,,,,,,,,,,,,,,,,,,,,,,,,,,,,,,,,,,,,,,,,,,,,,,,,,,,,,,,,,,,,,,,,,,,,,,,,,,,,,,,,,,,,,,,,,,,,,,,,,,,,,,,,,,,,,,,,,,,,,,,,,,,,,,,,,,,,,,,,,,,,,,,,,,,,
242,Fiji,,,,,,,,,,,,,,,,,,,,,,,,,,,,,,,,,,,,,,,,,,,,,,,,,,,,,,,,,,,,,,,,,,,,,,,,,,,,,,,,,,,,,,,,,,,,,,,,,,,,,,,,,,,,,,,,,,,,,,,,,,,,,,,,,,,,,,,,,,,,,,,,,,,,,,,,,,,,,,,,,,,,,,,,,,,,,,,,,,,,,,,,,,,,,,,,,,,,,,,,,
540,New Caledonia,,,,,,,,,,,,,,,,,,,,,,,,,,,,,,,,,,,,,,,,,,,,,,,,,,,,,,,,,,,,,,,,,,,,,,,,,,,,,,,,,,,,,,,,,,,,,,,,,,,,,,,,,,,,,,,,,,,,,,,,,,,,,,,,,,,,,,,,,,,,,,,,,,,,,,,,,,,,,,,,,,,,,,,,,,,,,,,,,,,,,,,,,,,,,,,,,,,,,,,,,
598,Papua New Guinea,,,,,,,,,,,,,,,,,,,,,,,,,,,,,,,,,,,,,,,,,,,,,,,,,,,,,,,,,,,,,,,,,,,,,,,,,,,,,,,,,152.4,,,,,,,,,,,,,,,,,,,,,,,,,,,,,,,,,,,,,,,,155.6,,,,,,,,,,152.4,,,,,,,,,,158.9,,,,,,,,,,,,,,,,,,,,,,,,,,,,,,,,,,,,,,,,160.9,,,,,,,,,,,,,,,,,,,,
90,Solomon Islands,,,,,,,,,,,,,,,,,,,,,,,,,,,,,,,,,,,,,,,,,,,,,,,,,,,,,,,,,,,,,,,,,,,,,,,,,,,,,,,,,,,,,,,,,,,,,,,,,,,,,,,,,,,,,,,,,,,,,,,,,,,,,,,,,,,,,,,,,,,,,,,,,,,,,,,,,,,,,,,,,,,,,,,,,,,,,,,,,,,,,,,,,,,,,,,,,,,,,,,,,
548,Vanuatu,,,,,,,,,,,,,,,,,,,,,,,,,,,,,,,,,,,,,,,,,,,,,,,,,,,,,,,,,,,,,,,,,,,,,,,,,,,,,,,,,,,,,,,,,,,,,,,,,,,,,,,,,,,,,,,,,,,,,,,,,,,,,,,,,,,,,,,,,,,,,,,,,,,,,,,,,,,,,,,,,,,,,,,,,,,,,,,,,,,,,,,,,,,,,,,,,,,,,,,,,
,,,,,,,,,,,,,,,,,,,,,,,,,,,,,,,,,,,,,,,,,,,,,,,,,,,,,,,,,,,,,,,,,,,,,,,,,,,,,,,,,,,,,,,,,,,,,,,,,,,,,,,,,,,,,,,,,,,,,,,,,,,,,,,,,,,,,,,,,,,,,,,,,,,,,,,,,,,,,,,,,,,,,,,,,,,,,,,,,,,,,,,,,,,,,,,,,,,,,,,,,,
57,Micronesia,,,,,,,,,,,,,,,,,,,,,,,,,,,,,,,,,,,,,,,,,,,,,,,,,,,,,,,,,,,,,,,,,,,,,,,,,,,,,,,,,,,,,,,,,,,,,,,,,,,,,,,,,,,,,,,,,,,,,,,,,,,,,,,,,,,,,,,,,,,,,,,,,,,,,,,,,,,,,,,,,,,,,,,,,,,,,,,,,,,,,,,,,,,,,,,,,,,,,,,,,
316,Guam,,,,,,,,,,,,,,,,,,,,,,,,,,,,,,,,,,,,,,,,,,,,,,,,,,,,,,,,,,,,,,,,,,,,,,,,,,,,,,,,,,,,,,,,,,,,,,,,,,,,,,,,,,,,,,,,,,,,,,,,,,,,,,,,,,,,,,,,,,,,,,,,,,,,,,,,,,,,,,,,,,,,,,,,,,,,,,,,,,,,,,,,,,,,,,,,,,,,,,,,,
296,Kiribati,,,,,,,,,,,,,,,,,,,,,,,,,,,,,,,,,,,,,,,,,,,,,,,,,,,,,,,,,,,,,,,,,,,,,,,,,,,,,,,,,,,,,,,,,,,,,,,,,,,,,,,,,,,,,,,,,,,,,,,,,,,,,,,,,,,,,,,,,,,,,,,,,,,,,,,,,,,,,,,,,,,,,,,,,,,,,,,,,,,,,,,,,,,,,,,,,,,,,,,,,
584,Marshall Islands,,,,,,,,,,,,,,,,,,,,,,,,,,,,,,,,,,,,,,,,,,,,,,,,,,,,,,,,,,,,,,,,,,,,,,,,,,,,,,,,,,,,,,,,,,,,,,,,,,,,,,,,,,,,,,,,,,,,,,,,,,,,,,,,,,,,,,,,,,,,,,,,,,,,,,,,,,,,,,,,,,,,,,,,,,,,,,,,,,,,,,,,,,,,,,,,,,,,,,,,,
583,Micronesia (Federated States of),,,,,,,,,,,,,,,,,,,,,,,,,,,,,,,,,,,,,,,,,,,,,,,,,,,,,,,,,,,,,,,,,,,,,,,,,,,,,,,,,,,,,,,,,,,,,,,,,,,,,,,,,,,,,,,,,,,,,,,,,,,,,,,,,,,,,,,,,,,,,,,,,,,,,,,,,,,,,,,,,,,,,,,,,,,,,,,,,,,,,,,,,,,,,,,,,,,,,,,,,
520,Nauru,,,,,,,,,,,,,,,,,,,,,,,,,,,,,,,,,,,,,,,,,,,,,,,,,,,,,,,,,,,,,,,,,,,,,,,,,,,,,,,,,,,,,,,,,,,,,,,,,,,,,,,,,,,,,,,,,,,,,,,,,,,,,,,,,,,,,,,,,,,,,,,,,,,,,,,,,,,,,,,,,,,,,,,,,,,,,,,,,,,,,,,,,,,,,,,,,,,,,,,,,
580,Northern Mariana Islands,,,,,,,,,,,,,,,,,,,,,,,,,,,,,,,,,,,,,,,,,,,,,,,,,,,,,,,,,,,,,,,,,,,,,,,,,,,,,,,,,,,,,,,,,,,,,,,,,,,,,,,,,,,,,,,,,,,,,,,,,,,,,,,,,,,,,,,,,,,,,,,,,,,,,,,,,,,,,,,,,,,,,,,,,,,,,,,,,,,,,,,,,,,,,,,,,,,,,,,,,
582,Pacific Islands (Trust Territory) (1947-1986),,,,,,,,,,,,,,,,,,,,,,,,,,,,,,,,,,,,,,,,,,,,,,,,,,,,,,,,,,,,,,,,,,,,,,,,,,,,,,,,,,,,,,,,,,,,,,,,,,,,,,,,,,,,,,,,,,,,,,,,,,,,,,,,,,,,,,,,,,,,,,,,,,,,,,,,,,,,,,,,,,,,,,,,,,,,,,,,,,,,,,,,,,,,,,,,,,,,,,,,,
585,Palau,,,,,,,,,,,,,,,,,,,,,,,,,,,,,,,,,,,,,,,,,,,,,,,,,,,,,,,,,,,,,,,,,,,,,,,,,,,,,,,,,,,,,,,,,,,,,,,,,,,,,,,,,,,,,,,,,,,,,,,,,,,,,,,,,,,,,,,,,,,,,,,,,,,,,,,,,,,,,,,,,,,,,,,,,,,,,,,,,,,,,,,,,,,,,,,,,,,,,,,,,
,,,,,,,,,,,,,,,,,,,,,,,,,,,,,,,,,,,,,,,,,,,,,,,,,,,,,,,,,,,,,,,,,,,,,,,,,,,,,,,,,,,,,,,,,,,,,,,,,,,,,,,,,,,,,,,,,,,,,,,,,,,,,,,,,,,,,,,,,,,,,,,,,,,,,,,,,,,,,,,,,,,,,,,,,,,,,,,,,,,,,,,,,,,,,,,,,,,,,,,,,,
61,Polynesia,,,,,,,,,,,,,,,,,,,,,,,,,,,,,,,,,,,,,,,,,,,,,,,,,,,,,,,,,,,,,,,,,,,,,,,,,,,,,,,,,,,,,,,,,,,,,,,,,,,,,,,,,,,,,,,,,,,,,,,,,,,,,,,,,,,,,,,,,,,,,,,,,,,,,,,,,,,,,,,,,,,,,,,,,,,,,,,,,,,,,,,,,,,,,,,,,,,,,,,,,
16,American Samoa,,,,,,,,,,,,,,,,,,,,,,,,,,,,,,,,,,,,,,,,,,,,,,,,,,,,,,,,,,,,,,,,,,,,,,,,,,,,,,,,,,,,,,,,,,,,,,,,,,,,,,,,,,,,,,,,,,,,,,,,,,,,,,,,,,,,,,,,,,,,,,,,,,,,,,,,,,,,,,,,,,,,,,,,,,,,,,,,,,,,,,,,,,,,,,,,,,,,,,,,,
184,Cook Islands,,,,,,,,,,,,,,,,,,,,,,,,,,,,,,,,,,,,,,,,,,,,,,,,,,,,,,,,,,,,,,,,,,,,,,,,,,,,,,,,,,,,,,,,,,,,,,,,,,,,,,,,,,,,,,,,,,,,,,,,,,,,,,,,,,,,,,,,,,,,,,,,,,,,,,,,,,,,,,,,,,,,,,,,,,,,,,,,,,,,,,,,,,,,,,,,,,,,,,,,,
258,French Polynesia,,,,,,,,,,,,,,,,,,,,,,,,,,,,,,,,,,,,,,,,,,,,,,,,,,,,,,,,,,,,,,,,,,,,,,,,,,,,,,,,,,,,,,,,,,,,,,,,,,,,,,,,,,,,,,,,,,,,,,,,,,,,,,,,,,,,,,,,,,,,,,,,,,,,,,,,,,,,,,,,,,,,,,,,,,,,,,,,,,,,,,,,,,,,,,,,,,,,,,,,,
570,Niue,,,,,,,,,,,,,,,,,,,,,,,,,,,,,,,,,,,,,,,,,,,,,,,,,,,,,,,,,,,,,,,,,,,,,,,,,,,,,,,,,,,,,,,,,,,,,,,,,,,,,,,,,,,,,,,,,,,,,,,,,,,,,,,,,,,,,,,,,,,,,,,,,,,,,,,,,,,,,,,,,,,,,,,,,,,,,,,,,,,,,,,,,,,,,,,,,,,,,,,,,
612,Pitcairn,,,,,,,,,,,,,,,,,,,,,,,,,,,,,,,,,,,,,,,,,,,,,,,,,,,,,,,,,,,,,,,,,,,,,,,,,,,,,,,,,,,,,,,,,,,,,,,,,,,,,,,,,,,,,,,,,,,,,,,,,,,,,,,,,,,,,,,,,,,,,,,,,,,,,,,,,,,,,,,,,,,,,,,,,,,,,,,,,,,,,,,,,,,,,,,,,,,,,,,,,
882,Samoa,,,,,,,,,,,,,,,,,,,,,,,,,,,,,,,,,,,,,,,,,,,,,,,,,,,,,,,,,,,,,,,,,,,,,,,,,,,,,,,,,,,,,,,,,,,,,,,,,,,,,,,,,,,,,,,,,,,,,,,,,,,,,,,,,,,,,,,,,,,,,,,,,,,,,,,,,,,,,,,,,,,,,,,,,,,,,,,,,,,,,,,,,,,,,,,,,,,,,,,,,
772,Tokelau,,,,,,,,,,,,,,,,,,,,,,,,,,,,,,,,,,,,,,,,,,,,,,,,,,,,,,,,,,,,,,,,,,,,,,,,,,,,,,,,,,,,,,,,,,,,,,,,,,,,,,,,,,,,,,,,,,,,,,,,,,,,,,,,,,,,,,,,,,,,,,,,,,,,,,,,,,,,,,,,,,,,,,,,,,,,,,,,,,,,,,,,,,,,,,,,,,,,,,,,,
776,Tonga,,,,,,,,,,,,,,,,,,,,,,,,,,,,,,,,,,,,,,,,,,,,,,,,,,,,,,,,,,,,,,,,,,,,,,,,,,,,,,,,,,,,,,,,,,,,,,,,,,,,,,,,,,,,,,,,,,,,,,,,,,,,,,,,,,,,,,,,,,,,,,,,,,,,,,,,,,,,,,,,,,,,,,,,,,,,,,,,,,,,,,,,,,,,,,,,,,,,,,,,,
798,Tuvalu,,,,,,,,,,,,,,,,,,,,,,,,,,,,,,,,,,,,,,,,,,,,,,,,,,,,,,,,,,,,,,,,,,,,,,,,,,,,,,,,,,,,,,,,,,,,,,,,,,,,,,,,,,,,,,,,,,,,,,,,,,,,,,,,,,,,,,,,,,,,,,,,,,,,,,,,,,,,,,,,,,,,,,,,,,,,,,,,,,,,,,,,,,,,,,,,,,,,,,,,,
876,Wallis and Futuna Islands,,,,,,,,,,,,,,,,,,,,,,,,,,,,,,,,,,,,,,,,,,,,,,,,,,,,,,,,,,,,,,,,,,,,,,,,,,,,,,,,,,,,,,,,,,,,,,,,,,,,,,,,,,,,,,,,,,,,,,,,,,,,,,,,,,,,,,,,,,,,,,,,,,,,,,,,,,,,,,,,,,,,,,,,,,,,,,,,,,,,,,,,,,,,,,,,,,,,,,,,,
,,,,,,,,,,,,,,,,,,,,,,,,,,,,,,,,,,,,,,,,,,,,,,,,,,,,,,,,,,,,,,,,,,,,,,,,,,,,,,,,,,,,,,,,,,,,,,,,,,,,,,,,,,,,,,,,,,,,,,,,,,,,,,,,,,,,,,,,,,,,,,,,,,,,,,,,,,,,,,,,,,,,,,,,,,,,,,,,,,,,,,,,,,,,,,,,,,,,,,,,,,
142,Asia,,,,,,,,,,,,,,,,,,,,,,,,,,,,,,,,,,,,,,,,,,,,,,,,,,,,,,,,,,,,,,,,,,,,,,,,,,,,,,,,,,,,,,,,,,,,,,,,,,,,,,,,,,,,,,,,,,,,,,,,,,,,,,,,,,,,,,,,,,,,,,,,,,,,,,,,,,,,,,,,,,,,,,,,,,,,,,,,,,,,,,,,,,,,,,,,,,,,,,,,,
34,Southern Asia,,,,,,,,,,,,,,,,,,,,,,,,,,,,,,,,,,,,,,,,,,,,,,,,,,,,,,,,,,,,,,,,,,,,,,,,,,,,,,,,,,,,,,,,,,,,,,,,,,,,,,,,,,,,,,,,,,,,,,,,,,,,,,,,,,,,,,,,,,,,,,,,,,,,,,,,,,,,,,,,,,,,,,,,,,,,,,,,,,,,,,,,,,,,,,,,,,,,,,,,,
4,Afghanistan,,,,,,,,,,,,,,,,,,,,,,,,,,,,,,,,,,,,,,,,,,,,,,,,,,,,,,,,,,,,,,,,,,,,,,,168.4,,,,,,,,,,165.7,,,,,,,,,,,,,,,,,,,,,,,,,,,,,,,,,,,,,,,,,,,,,,,,,,166.8,,,,,,,,,,,,,,,,,,,,,,,,,,,,,,,,,,,,,,,,,,,,,,,,,,,,,,,,,,,,,,,,,,,,,,
50,Bangladesh,,,,,,,,,,,,,,,,,,,,,,,,,,,,,,,,,,,,,,,,,,,,,,,,,,,161.8,,,,,,,,,,162.3,,,,,,,,,,163.7,,,,,,,,,,162.1,,,,,,,,,,,,,,,,,,,,,,,,,,,,,,,,,,,,,,,,,,,,,,,,,,,,,,,,,,,,,,,,,,,,,,161.6,,,,,,,,,,162.2,,,,,,,,,,,,,,,,,,,,162.4,,,,,,,,,,,,,,,,,,,,
64,Bhutan,,,,,,,,,,,,,,,,,,,,,,,,,,,,,,,,,,,,,,,,,,,,,,,,,,,,,,,,,,,,,,,,,,,,,,,,,,,,,,,,,,,,,,,,,,,,,,,,,,,,,,,,,,,,,,,,,,,,,,,,,,,,,,,,,,,,,,,,,,,,,,,,,,,,,,,,,,,,,,,,,,,,,,,,,,,,,,,,,,,,,,,,,,,,,,,,,,,,,,,,,
356,India,,,,,,,,,,,,,,,,,,,,,,,,,,,,,,,,,,,,,,,,,160.3,,,,,,,,,,161.8,,,,,,,,,,163.0,,,,,,,,,,163.8,,,,,,,,,,162.4,,,,,,,,,,163.0,,,,,,,,,,,,,,,,,,,,162.9,,,,,,,,,,163.5,,,,,,,,,,163.7,,,,,,,,,,164.0,,,,,,,,,,163.5,,,,,,,,,,163.9,,,,,,,,,,164.3,,,,,,,,,,164.4,,,,,,,,,,,,,,,,,,,,
364,Iran (Islamic Republic of),,,,,,,,,,,,,,,,,,,,,,,,,,,,,,,,,,,,,,,,,,,,,,,,,,,165.3,,,,,,,,,,,,,,,,,,,,168.3,,,,,,,,,,165.2,,,,,,,,,,166.0,,,,,,,,,,167.5,,,,,,,,,,167.2,,,,,,,,,,,,,,,,,,,,,,,,,,,,,,167.8,,,,,,,,,,168.8,,,,,,,,,,169.1,,,,,,,,,,170.9,,,,,,,,,,172.4,,,,,,,,,,,,,,,,,,,,
462,Maldives,,,,,,,,,,,,,,,,,,,,,,,,,,,,,,,,,,,,,,,,,,,,,,,,,,,,,,,,,,,,,,,,,,,,,,,,,,,,,,,,,,,,,,,,,,,,,,,,,,,,,,,,,,,,,,,,,,,,,,,,,,,,,,,,,,,,,,,,,,,,,,,,,,,,,,,,,,,,,,,,,,,,,,,,,,,,,,,,,,,,,,,,,,,,,,,,,,,,,,,,,
524,Nepal,,,,,,,,,,,,,,,,,,,,,,,,,,,,,,,,,,,,,,,,,,,,,,,,,,,,,,,,,,,,,,,,,,,,,,,,,,,,,,,,,162.4,,,,,,,,,,,,,,,,,,,,161.7,,,,,,,,,,,,,,,,,,,,,,,,,,,,,,160.9,,,,,,,,,,162.4,,,,,,,,,,161.8,,,,,,,,,,162.5,,,,,,,,,,162.7,,,,,,,,,,163.0,,,,,,,,,,,,,,,,,,,,
586,Pakistan,,,,,,,,,,,,,,,,,,,,,,,,,,,,,,,,,,,,,,,,,165.1,,,,,,,,,,162.0,,,,,,,,,,164.6,,,,,,,,,,165.2,,,,,,,,,,,,,,,,,,,,165.0,,,,,,,,,,,,,,,,,,,,,,,,,,,,,,167.9,,,,,,,,,,164.0,,,,,,,,,,168.1,,,,,,,,,,,,,,,,,,,,,,,,,,,,,,,,,,,,,,,,,,,,,,,,,,,,,,,,,,,,
144,Sri Lanka,,,,,,,,,,,,,,,,,,,,,,,,,,,,,,,,,,,,,,,,,,,,,,,,,,,,,,,,,,,,,,,,,,,,,,,162.5,,,,,,,,,,,,,,,,,,,,,,,,,,,,,,,,,,,,,,,,,,,,,,,,,,163.9,,,,,,,,,,,,,,,,,,,,,,,,,,,,,,,,,,,,,,,,,,,,,,,,,,,,,,,,,,,,165.8,,,,,,,,,,,,,,,,,,,,
,Tibet,,,,,,,,,,,,,,,,,,,,,,,,,,,,,,,,,,,,,,,,,,,,,,,,,,,,,,,,,,,,,,,,,,,,,,,,,,,,,,,,,,,,,,,,,,,,,,,,,,,,,,,,,,,,,,,,,,,,,,,,,,,,,,,,,,,,,,,,,,,,,,,,,,,,,,,,,,,,,,,,,,,,,,,,,,,,,,,,,,,,,,,,,,,,,,,,,,,,,,,,,
,,,,,,,,,,,,,,,,,,,,,,,,,,,,,,,,,,,,,,,,,,,,,,,,,,,,,,,,,,,,,,,,,,,,,,,,,,,,,,,,,,,,,,,,,,,,,,,,,,,,,,,,,,,,,,,,,,,,,,,,,,,,,,,,,,,,,,,,,,,,,,,,,,,,,,,,,,,,,,,,,,,,,,,,,,,,,,,,,,,,,,,,,,,,,,,,,,,,,,,,,,
30,Eastern Asia,,,,,,,,,,,,,,,,,,,,,,,,,,,,,,,,,,,,,,,,,,,,,,,,,,,,,,,,,,,,,,,,,,,,,,,,,,,,,,,,,,,,,,,,,,,,,,,,,,,,,,,,,,,,,,,,,,,,,,,,,,,,,,,,,,,,,,,,,,,,,,,,,,,,,,,,,,,,,,,,,,,,,,,,,,,,,,,,,,,,,,,,,,,,,,,,,,,,,,,,,
156,China,,,,,,,,,,,165.7,,,,,,,,,,165.8,,,,,,,,,,165.8,,,,,,,,,,166.2,,,,,,,,,,166.2,,,,,,,,,,165.7,,,,,,,,,,165.8,,,,,,,,,,165.3,,,,,,,,,,164.0,,,,,,,,,,164.0,,,,,,,,,,164.7,,,,,,,,,,164.2,,,,,,,,,,166.5,,,,,,,,,,167.4,,,,,,,,,,169.2,,,,,,,,,,170.0,,,,,,,,,,170.0,,,,,,,,,,171.5,,,,,,,,,,,,,,,,,,,,
344,"China, Hong Kong Special Administrative Region",,,,,,,,,,,,,,,,,,,,,,,,,,,,,,,,,,,,,,,,,,,,,,,,,,,,,,,,,,,,,,,,,,,,,,,,,,,,,,,,,,,,,,,,,,,,,,,,,,,,,,,,,,,,,,,,,,,,,,,,,,,,,,,,,,,167.7,,,,,,,,,,167.1,,,,,,,,,,,,,,,,,,,,,,,,,,,,,,,,,,,,,,,,,,,,,,,,,,,,,,,,,,,,
446,"China, Macao Special Administrative Region",,,,,,,,,,,,,,,,,,,,,,,,,,,,,,,,,,,,,,,,,,,,,,,,,,,,,,,,,,,,,,,,,,,,,,,,,,,,,,,,,,,,,,,,,,,,,,,,,,,,,,,,,,,,,,,,,,,,,,,,,,,,,,,,,,,,,,,,,,,,,,,,,,,,,,,,,,,,,,,,,,,,,,,,,,,,,,,,,,,,,,,,,,,,,,,,,,,,,,,,,
408,Democratic People's Republic of Korea,,,,,,,,,,,,,,,,,,,,,,,,,,,,,,,,,,,,,,,,,,,,,,,,,,,,,,,,,,,,,,,,,,,,,,,163.4,,,,,,,,,,160.1,,,,,,,,,,160.7,,,,,,,,,,160.1,,,,,,,,,,,,,,,,,,,,,,,,,,,,,,,,,,,,,,,,166.5,,,,,,,,,,168.6,,,,,,,,,,170.7,,,,,,,,,,171.9,,,,,,,,,,173.8,,,,,,,,,,,,,,,,,,,,
392,Japan,,,,,,,,,,,,,,,,,,,,,,,,,,,,,,,,,,,,,,,,,,,,,,,,,,,,,,,,,,,,,,,,,,,,,,,,,,,,,,,,,157.8,,,,,,,,,,157.8,,,,,,,,,,158.7,,,,,,,,,,159.6,,,,,,,,,,160.7,,,,,,,,,,161.4,,,,,,,,,,162.6,,,,,,,,,,163.6,,,,,,,,,,165.7,,,,,,,,,,166.8,,,,,,,,,,171.7,,,,,,,,,,,,,,,,,,,,
496,Mongolia,,,,,,,,,,,,,,,,,,,,,,,,,,,,,,,,,,,,,,,,,,,,,,,,,,,,,,,,,,,,,,,,,,,,,,,,,,,,,,,,,,,,,,,,,,,,,,,,,,,,,,,,,,,,,,,162.6,,,,,,,,,,,,,,,,,,,,164.8,,,,,,,,,,,,,,,,,,,,,,,,,,,,,,,,,,,,,,,,,,,,,,,,,,,,,,,,,,,,,,,,,,,,,,
410,Republic of Korea,,,,,,,,,,,,,,,,,,,,,,,,,,,,,,,,,,,,,,,,,,,,,,,,,,,,,,,,,,,,,,,,,,,,,,,163.4,,,,,,,,,,160.1,,,,,,,,,,160.7,,,,,,,,,,160.1,,,,,,,,,,,,,,,,,,,,,,,,,,,,,,,,,,,,,,,,166.5,,,,,,,,,,168.6,,,,,,,,,,170.7,,,,,,,,,,171.9,,,,,,,,,,173.8,,,,,,,,,,,,,,,,,,,,
,Taiwan,,,,,,,,,,,,,,,,,,,,,,,,,,,,,,,,,,,,,,,,,,,,,,,,,,,163.9,,,,,,,,,,163.9,,,,,,,,,,163.4,,,,,,,,,,162.9,,,,,,,,,,163.9,,,,,,,,,,164.5,,,,,,,,,,166.1,,,,,,,,,,166.9,,,,,,,,,,167.5,,,,,,,,,,166.8,,,,,,,,,,168.7,,,,,,,,,,169.7,,,,,,,,,,170.5,,,,,,,,,,,,,,,,,,,,,,,,,,,,,,
,,,,,,,,,,,,,,,,,,,,,,,,,,,,,,,,,,,,,,,,,,,,,,,,,,,,,,,,,,,,,,,,,,,,,,,,,,,,,,,,,,,,,,,,,,,,,,,,,,,,,,,,,,,,,,,,,,,,,,,,,,,,,,,,,,,,,,,,,,,,,,,,,,,,,,,,,,,,,,,,,,,,,,,,,,,,,,,,,,,,,,,,,,,,,,,,,,,,,,,,,,
35,South-Eastern Asia,,,,,,,,,,,,,,,,,,,,,,,,,,,,,,,,,,,,,,,,,,,,,,,,,,,,,,,,,,,,,,,,,,,,,,,,,,,,,,,,,,,,,,,,,,,,,,,,,,,,,,,,,,,,,,,,,,,,,,,,,,,,,,,,,,,,,,,,,,,,,,,,,,,,,,,,,,,,,,,,,,,,,,,,,,,,,,,,,,,,,,,,,,,,,,,,,,,,,,,,,
96,Brunei Darussalam,,,,,,,,,,,,,,,,,,,,,,,,,,,,,,,,,,,,,,,,,,,,,,,,,,,,,,,,,,,,,,,,,,,,,,,,,,,,,,,,,,,,,,,,,,,,,,,,,,,,,,,,,,,,,,,,,,,,,,,,,,,,,,,,,,,,,,,,,,,,,,,,,,,,,,,,,,,,,,,,,,,,,,,,,,,,,,,,,,,,,,,,,,,,,,,,,,,,,,,,,
116,Cambodia,,,,,,,,,,,,,,,,,,,,,,,,,,,,,,,,,,,,,,,,,161.6,,,,,,,,,,163.2,,,,,,,,,,164.9,,,,,,,,,,159.0,,,,,,,,,,161.7,,,,,,,,,,160.4,,,,,,,,,,158.3,,,,,,,,,,160.6,,,,,,,,,,158.5,,,,,,,,,,158.4,,,,,,,,,,,,,,,,,,,,162.4,,,,,,,,,,162.8,,,,,,,,,,162.7,,,,,,,,,,162.5,,,,,,,,,,,,,,,,,,,,
360,Indonesia,,,,,,,,,,,161.3,,,,,,,,,,,,,,,,,,,,,,,,,,,,,,160.4,,,,,,,,,,160.6,,,,,,,,,,160.4,,,,,,,,,,158.1,,,,,,,,,,158.6,,,,,,,,,,158.8,,,,,,,,,,159.0,,,,,,,,,,159.6,,,,,,,,,,160.9,,,,,,,,,,160.7,,,,,,,,,,160.4,,,,,,,,,,161.7,,,,,,,,,,162.4,,,,,,,,,,163.1,,,,,,,,,,164.0,,,,,,,,,,,,,,,,,,,,
,Indonesia (until 1999),,,,,,,,,,,161.3,,,,,,,,,,,,,,,,,,,,,,,,,,,,,,160.4,,,,,,,,,,160.6,,,,,,,,,,160.4,,,,,,,,,,158.1,,,,,,,,,,158.6,,,,,,,,,,158.8,,,,,,,,,,159.0,,,,,,,,,,159.6,,,,,,,,,,160.9,,,,,,,,,,160.7,,,,,,,,,,160.4,,,,,,,,,,161.7,,,,,,,,,,162.4,,,,,,,,,,163.1,,,,,,,,,,164.0,,,,,,,,,,,,,,,,,,,,
418,Lao People's Democratic Republic,,,,,,,,,,,,,,,,,,,,,,,,,,,,,,,,,,,,,,,,,159.6,,,,,,,,,,160.0,,,,,,,,,,159.0,,,,,,,,,,159.1,,,,,,,,,,,,,,,,,,,,160.6,,,,,,,,,,161.5,,,,,,,,,,156.2,,,,,,,,,,159.7,,,,,,,,,,160.2,,,,,,,,,,163.2,,,,,,,,,,,,,,,,,,,,,,,,,,,,,,,,,,,,,,,,165.2,,,,,,,,,,,,,,,,,,,,
458,Malaysia,,,,,,,,,,,,,,,,,,,,,,,,,,,,,,,,,,,,,,,,,159.3,,,,,,,,,,,,,,,,,,,,161.0,,,,,,,,,,157.2,,,,,,,,,,,,,,,,,,,,155.8,,,,,,,,,,160.5,,,,,,,,,,,,,,,,,,,,,,,,,,,,,,162.5,,,,,,,,,,,,,,,,,,,,,,,,,,,,,,,,,,,,,,,,,,,,,,,,,,,,,,,,,,,,,,,,,,,,,,
104,Myanmar,,,,,,,,,,,,,,,,,,,,,,,,,,,,,,,,,,,,,,,,,,,,,,,,,,,161.1,,,,,,,,,,164.0,,,,,,,,,,161.3,,,,,,,,,,160.7,,,,,,,,,,163.0,,,,,,,,,,163.7,,,,,,,,,,,,,,,,,,,,160.1,,,,,,,,,,,,,,,,,,,,164.8,,,,,,,,,,,,,,,,,,,,,,,,,,,,,,,,,,,,,,,,161.3,,,,,,,,,,,,,,,,,,,,
608,Philippines,,,,,,,,,,,,,,,,,,,,,,,,,,,,,,,,,,,,,,,,,,,,,,,,,,,,,,,,,,,,,155.0,,,,,,,,,,159.5,,,,,,,,,,158.9,,,,,,,,,,161.5,,,,,,,,,,160.4,,,,,,,,,,,,,,,,,,,,,,,,,,,,,,163.4,,,,,,,,,,164.6,,,,,,,,,,,,,,,,,,,,,,,,,,,,,,,,,,,,,,,,165.6,,,,,,,,,,,,,,,,,,,,
702,Singapore,,,,,,,,,,,,,,,,,,,,,,,,,,,,,,,,,,,,,,,,,,,,,,,,,,,,,,,,,,,,,,,,,,,,,,,,,,,,,,,,,,,,,,,,,,,,,,,,,,,,,,,,,,,,,,,,,,,,,,,,,,,,,,,,,,,,,,,,,,,,,,,,,,,,,,,,,,,,,,,,,,,,,,,,,,,172.2,,,,,,,,,,,,,,,,,,,,,,,,,,,,,,
764,Thailand,,,,,,,,,,,,,,,,,,,,,,,,,,,,,,,,,,,,,,,,,,,,,,,,,,,,,,,,,,,,,160.1,,,,,,,,,,161.5,,,,,,,,,,162.3,,,,,,,,,,161.0,,,,,,,,,,162.1,,,,,,,,,,161.5,,,,,,,,,,161.3,,,,,,,,,,161.2,,,,,,,,,,,,,,,,,,,,,,,,,,,,,,,,,,,,,,,,,,,,,,,,,,,,,,,,,,,,,,,,,,,,,,
626,Timor-Leste,,,,,,,,,,,,,,,,,,,,,,,,,,,,,,,,,,,,,,,,,,,,,,,,,,,,,,,,,,,,,,,,,,,,,,,,,,,,,,,,,,,,,,,,,,,,,,,,,,,,,,,,,,,,,,,,,,,,,,,,,,,,,,,,,,,,,,,,,,,,,,,,,,,,,,,,,,,,,,,,,,,,,,,,,,,,,,,,,,,,,,,,,,,,,,,,,,,,,,,,,
704,Viet Nam,,,,,,,,,,,,,,,,,,,,,,,,,,,,,,,157.9,,,,,,,,,,157.5,,,,,,,,,,158.4,,,,,,,,,,158.3,,,,,,,,,,158.3,,,,,,,,,,157.7,,,,,,,,,,158.5,,,,,,,,,,161.2,,,,,,,,,,158.0,,,,,,,,,,157.5,,,,,,,,,,158.4,,,,,,,,,,,,,,,,,,,,,,,,,,,,,,,,,,,,,,,,,,,,,,,,,,160.0,,,,,,,,,,,,,,,,,,,,
,,,,,,,,,,,,,,,,,,,,,,,,,,,,,,,,,,,,,,,,,,,,,,,,,,,,,,,,,,,,,,,,,,,,,,,,,,,,,,,,,,,,,,,,,,,,,,,,,,,,,,,,,,,,,,,,,,,,,,,,,,,,,,,,,,,,,,,,,,,,,,,,,,,,,,,,,,,,,,,,,,,,,,,,,,,,,,,,,,,,,,,,,,,,,,,,,,,,,,,,,,
145,Western Asia,,,,,,,,,,,,,,,,,,,,,,,,,,,,,,,,,,,,,,,,,,,,,,,,,,,,,,,,,,,,,,,,,,,,,,,,,,,,,,,,,,,,,,,,,,,,,,,,,,,,,,,,,,,,,,,,,,,,,,,,,,,,,,,,,,,,,,,,,,,,,,,,,,,,,,,,,,,,,,,,,,,,,,,,,,,,,,,,,,,,,,,,,,,,,,,,,,,,,,,,,
51,Armenia,,,,,,,,,,,,,,,,,,,,,,,,,,,,,,,,,,,,,,,,,,,,,,,,,,,169.3,,,,,,,,,,167.6,,,,,,,,,,,,,,,,,,,,,,,,,,,,,,166.2,,,,,,,,,,163.6,,,,,,,,,,163.8,,,,,,,,,,,,,,,,,,,,,,,,,,,,,,168.0,,,,,,,,,,,,,,,,,,,,170.6,,,,,,,,,,171.7,,,,,,,,,,171.7,,,,,,,,,,,,,,,,,,,,
31,Azerbaijan,,,,,,,,,,,,,,,,,,,,,,,,,,,,,,,,,,,,,,,,,,,,,,,,,,,170.2,,,,,,,,,,170.8,,,,,,,,,,,,,,,,,,,,,,,,,,,,,,,,,,,,,,,,,,,,,,,,,,,,,,,,,,,,,,,,,,,,,,,,,,,,,,,,,,,,,,,,,,171.2,,,,,,,,,,171.7,,,,,,,,,,172.0,,,,,,,,,,172.2,,,,,,,,,,,,,,,,,,,,
48,Bahrain,,,,,,,,,,,,,,,,,,,,,,,,,,,,,,,,,,,,,,,,,,,,,,,,,,,,,,,,,,,,,,,,,,,,,,,,,,,,,,,,,,,,,,,,,,,,,,,,,,,,,,,,,,,,,,,,,,,,,,,,,,,,,,,,,,,160.7,,,,,,,,,,163.8,,,,,,,,,,164.0,,,,,,,,,,,,,,,,,,,,,,,,,,,,,,,,,,,,,,,,,,,,,,,,,,
196,Cyprus,,,,,,,,,,,,,,,,,,,,,,,,,,,,,,,,,,,,,,,,,,,,,,,,,,,,,,,,,,,,,168.8,,,,,,,,,,169.8,,,,,,,,,,169.1,,,,,,,,,,168.3,,,,,,,,,,,,,,,,,,,,,,,,,,,,,,,,,,,,,,,,,,,,,,,,,,,,,,,,,,,,,,,,,,,,,,,,,,,,,,,,,,,,,,,,,,,,,,,,,,,,,,,,,,,,,,
720,Democratic Yemen (until 1990),,,,,,,,,,,,,,,,,,,,,,,,,,,,,,,,,,,,,,,,,,,,,,,,,,,,,,,,,,,,,,,,,,,,,,,,,,,,,,,,,,,,,,,,,,,,,,,,,,,,,,,,,,,,,,,,,,,,,,,,,,,,,,,,,,,,,,,,,,,,,,,,,,,,,,,,,,,,,,,,,,,,,,,,,,,,,,,,,,,,,,,,,,,,,,,,,,,,,,,,,
268,Georgia,,,,,,,,,,,,,,,,,,,,,,,,,,,,,,,,,,,,,,,,,165.5,,,,,,,,,,,,,,,,,,,,163.0,,,,,,,,,,,,,,,,,,,,,,,,,,,,,,164.3,,,,,,,,,,,,,,,,,,,,,,,,,,,,,,,,,,,,,,,,,,,,,,,,,,,,,,,,,,,,,,,,,,,,,,,,,,,,,,,,,,,,,,,,,,,,,,,,,,,,,,,,,,,,,,
368,Iraq,,,,,,,,,,,,,,,,,,,,,,,,,,,,,,,,,,,,,,,,,,,,,,,,,,,,,,,,,,,,,,,,,,,,,,,,,,,,,,,,,168.4,,,,,,,,,,166.6,,,,,,,,,,168.6,,,,,,,,,,166.2,,,,,,,,,,,,,,,,,,,,,,,,,,,,,,,,,,,,,,,,,,,,,,,,,,,,,,,,,,,,,,,,,,,,,,,,,,,,,,,,,,,,,,,,,,
376,Israel,,,,,,,,,,,,,,,,,,,,,,,,,,,,,,,,,,,,,,,,,,,,,,,,,,,169.1,,,,,,,,,,168.9,,,,,,,,,,,,,,,,,,,,,,,,,,,,,,,,,,,,,,,,,,,,,,,,,,,,,,,,,,,,,,,,,,,,,,167.5,,,,,,,,,,165.7,,,,,,,,,,,,,,,,,,,,,,,,,,,,,,,,,,,,,,,,,,,,,,,,,,,,,,,,,,,,
400,Jordan,,,,,,,,,,,,,,,,,,,,,,,,,,,,,,,,,,,,,,,,,,,,,,,,,,,,,,,,,,,,,,,,,,,,,,,,,,,,,,,,,,,,,,,,,,,,,,,,,,,,,,,,,,,,,,,,,,,,,,,,,,,,,,,,,,,,,,,,,,,,,166.1,,,,,,,,,,170.0,,,,,,,,,,170.3,,,,,,,,,,170.5,,,,,,,,,,170.3,,,,,,,,,,,,,,,,,,,,
414,Kuwait,,,,,,,,,,,,,,,,,,,,,,,,,,,,,,,,,,,,,,,,,,,,,,,,,,,,,,,,,,,,,,,,,,,,,,,,,,,,,,,,,,,,,,,,,,,,,,,,,,,,,,,,,,,,,,,,,,,,,,,,,,,,,,,,,,,,,,,,,,,,,,,,,,,,,,,,,,,,,,,,,,,,,,,,,,,,,,,,,,,,,,,,,,,,,,,,,,,,,,,,,
422,Lebanon,,,,,,,,,,,,,,,,,,,,,,,,,,,,,,,,,,,,,,,,,,,,,,,,,,,166.5,,,,,,,,,,167.2,,,,,,,,,,,,,,,,,,,,,,,,,,,,,,166.4,,,,,,,,,,167.3,,,,,,,,,,,,,,,,,,,,,,,,,,,,,,,,,,,,,,,,169.4,,,,,,,,,,,,,,,,,,,,,,,,,,,,,,,,,,,,,,,,,,,,,,,,,,,,,,,,,,,,
275,Occupied Palestinian Territory,,,,,,,,,,,,,,,,,,,,,,,,,,,,,,,,,,,,,,,,,,,,,,,,,,,,,,,,,,,,,,,,,,,,,,,,,,,,,,,,,,,,,,,,,,,,,,,,,,,,,,,,,,,,,,,,,,,,,,,,,,,,,,,,,,,,,,,,,,,,,,,,,,,,,,,171.0,,,,,,,,,,172.0,,,,,,,,,,172.5,,,,,,,,,,,,,,,,,,,,,,,,,,,,,,
512,Oman,,,,,,,,,,,,,,,,,,,,,,,,,,,,,,,,,,,,,,,,,,,,,,,,,,,,,,,,,,,,,,,,,,,,,,,,,,,,,,,,,,,,,,,,,,,,,,,,,,,,,,,,,,,,,,,,,,,,,,,,,,,,,,,,,,,,,,,,,,,,,,,,,,,,,,,,,,,,,,,,,,,,,,,,,,,,,,,,,,,,,,,,,,,,,,,,,,,,,,,,,
634,Qatar,,,,,,,,,,,,,,,,,,,,,,,,,,,,,,,,,,,,,,,,,,,,,,,,,,,,,,,,,,,,,,,,,,,,,,,,,,,,,,,,,,,,,,,,,,,,,,,,,,,,,,,,,,,,,,,,,,,,,,,,,,,,,,,,,,,,,,,,,,,,,,,,,,,,,,,,,,,,,,,,,,,,,,,,,,,,,,,,,,,,,,,,,,,,,,,,,,,,,,,,,
682,Saudi Arabia,,,,,,,,,,,,,,,,,,,,,,,,,,,,,,,,,,,,,,,,,,,,,,,,,,,,,,,,,,,,,,,,,,,,,,,,,,,,,,,,,,,,,,,,,,,,,,,,,,,,,,,,,,,,,,,,,,,,,,,,,,,,,,,,,,,,,,,,,,,,,169.2,,,,,,,,,,170.3,,,,,,,,,,170.8,,,,,,,,,,172.3,,,,,,,,,,,,,,,,,,,,,,,,,,,,,,
760,Syrian Arab Republic,,,,,,,,,,,,,,,,,,,,,,,,,,,,,,,,,,,,,,,,,,,,,,,,,,,166.3,,,,,,,,,,168.0,,,,,,,,,,,,,,,,,,,,162.2,,,,,,,,,,166.9,,,,,,,,,,167.3,,,,,,,,,,,,,,,,,,,,,,,,,,,,,,,,,,,,,,,,,,,,,,,,,,,,,,,,,,,,,,,,,,,,,,,,,,,,,,,,,,,,,,,,,,,,,,,,,,,,
792,Turkey,,,,,,,,,,,,,,,,,,,,,,,,,,,,,,,,,,,,,,,,,,,,,,,,,,,168.7,,,,,,,,,,169.1,,,,,,,,,,170.1,,,,,,,,,,167.4,,,,,,,,,,168.4,,,,,,,,,,168.4,,,,,,,,,,168.0,,,,,,,,,,169.3,,,,,,,,,,169.3,,,,,,,,,,167.2,,,,,,,,,,166.6,,,,,,,,,,167.4,,,,,,,,,,168.6,,,,,,,,,,,,,,,,,,,,,,,,,,,,,,
784,United Arab Emirates,,,,,,,,,,,,,,,,,,,,,,,,,,,,,,,,,,,,,,,,,,,,,,,,,,,,,,,,,,,,,,,,,,,,,,,,,,,,,,,,,,,,,,,,,,,,,,,,,,,,,,,,,,,,,,,,,,,,,,,,,,,,,,,,,,,,,,,,,,,,,,,,,,,,,,,,,,,,,,,,,,,,,,,,,,,,,,,,,,,,,169.1,,,,,,,,,,,,,,,,,,,,
886,Yemen (until 1990),,,,,,,,,,,,,,,,,,,,,,,,,,,,,,,,,,,,,,,,,,,,,,,,,,,162.3,,,,,,,,,,161.1,,,,,,,,,,,,,,,,,,,,160.8,,,,,,,,,,162.7,,,,,,,,,,162.0,,,,,,,,,,,,,,,,,,,,,,,,,,,,,,,,,,,,,,,,,,,,,,,,,,,,,,,,,,,,,,,,,,,,,,,,,,,,,,,,167.6,,,,,,,,,,,,,,,,,,,,
887,Yemen,,,,,,,,,,,,,,,,,,,,,,,,,,,,,,,,,,,,,,,,,,,,,,,,,,,162.3,,,,,,,,,,161.1,,,,,,,,,,,,,,,,,,,,160.8,,,,,,,,,,162.7,,,,,,,,,,162.0,,,,,,,,,,,,,,,,,,,,,,,,,,,,,,,,,,,,,,,,,,,,,,,,,,,,,,,,,,,,,,,,,,,,,,,,,,,,,,,,167.6,,,,,,,,,,,,,,,,,,,,
,,,,,,,,,,,,,,,,,,,,,,,,,,,,,,,,,,,,,,,,,,,,,,,,,,,,,,,,,,,,,,,,,,,,,,,,,,,,,,,,,,,,,,,,,,,,,,,,,,,,,,,,,,,,,,,,,,,,,,,,,,,,,,,,,,,,,,,,,,,,,,,,,,,,,,,,,,,,,,,,,,,,,,,,,,,,,,,,,,,,,,,,,,,,,,,,,,,,,,,,,,
143,Central Asia,,,,,,,,,,,,,,,,,,,,,,,,,,,,,,,,,,,,,,,,,,,,,,,,,,,,,,,,,,,,,,,,,,,,,,,,,,,,,,,,,,,,,,,,,,,,,,,,,,,,,,,,,,,,,,,,,,,,,,,,,,,,,,,,,,,,,,,,,,,,,,,,,,,,,,,,,,,,,,,,,,,,,,,,,,,,,,,,,,,,,,,,,,,,,,,,,,,,,,,,,
398,Kazakhstan,,,,,,,,,,,,,,,,,,,,,,,,,,,,,,,,,,,,,,,,,165.3,,,,,,,,,,164.6,,,,,,,,,,,,,,,,,,,,163.4,,,,,,,,,,,,,,,,,,,,164.8,,,,,,,,,,165.0,,,,,,,,,,163.4,,,,,,,,,,166.0,,,,,,,,,,164.4,,,,,,,,,,,,,,,,,,,,170.3,,,,,,,,,,171.4,,,,,,,,,,171.3,,,,,,,,,,,,,,,,,,,,,,,,,,,,,,
417,Kyrgyzstan,,,,,,,,,,,,,,,,,,,,,,,,,,,,,,,,,,,,,,,,,,,,,,,,,,,,,,,,,,,,,,,,,,,,,,,,,,,,,,,,,165.3,,,,,,,,,,164.0,,,,,,,,,,165.1,,,,,,,,,,165.1,,,,,,,,,,166.2,,,,,,,,,,164.5,,,,,,,,,,,,,,,,,,,,169.8,,,,,,,,,,169.8,,,,,,,,,,170.6,,,,,,,,,,,,,,,,,,,,,,,,,,,,,,
762,Tajikistan,,,,,,,,,,,,,,,,,,,,,,,,,,,,,,,,,,,,,,,,,,,,,,,,,,,,,,,,,,,,,165.0,,,,,,,,,,164.8,,,,,,,,,,166.6,,,,,,,,,,165.8,,,,,,,,,,165.1,,,,,,,,,,165.1,,,,,,,,,,,,,,,,,,,,,,,,,,,,,,,,,,,,,,,,,,,,,,,,,,,,,,,,,,,,,,,,,,,,,,,,,,,,,,,,,,,,,,,,,,
795,Turkmenistan,,,,,,,,,,,,,,,,,,,,,,,,,,,,,,,,,,,,,,,,,,,,,,,,,,,,,,,,,,,,,,,,,,,,,,,,,,,,,,,,,,,,,,,,,,,168.9,,,,,,,,,,,,,,,,,,,,167.9,,,,,,,,,,167.5,,,,,,,,,,,,,,,,,,,,,,,,,,,,,,,,,,,,,,,,,,,,,,,,,,,,,,,,,,,,,,,,,,,,,,,,,,,,,,,,
860,Uzbekistan,,,,,,,,,,,,,,,,,,,,,,,,,,,,,,,,,,,,,,,,,,,,,,,,,,,,,,,,,,,,,,,,,,,,,,,,,,,,,,,,,,,,,,,,,,,165.2,,,,,,,,,,165.5,,,,,,,,,,166.0,,,,,,,,,,165.0,,,,,,,,,,,,,,,,,,,,170.3,,,,,,,,,,171.5,,,,,,,,,,171.2,,,,,,,,,,172.0,,,,,,,,,,,,,,,,,,,,,,,,,,,,,,
,,,,,,,,,,,,,,,,,,,,,,,,,,,,,,,,,,,,,,,,,,,,,,,,,,,,,,,,,,,,,,,,,,,,,,,,,,,,,,,,,,,,,,,,,,,,,,,,,,,,,,,,,,,,,,,,,,,,,,,,,,,,,,,,,,,,,,,,,,,,,,,,,,,,,,,,,,,,,,,,,,,,,,,,,,,,,,,,,,,,,,,,,,,,,,,,,,,,,,,,,,
2,Africa,,,,,,,,,,,,,,,,,,,,,,,,,,,,,,,,,,,,,,,,,,,,,,,,,,,,,,,,,,,,,,,,,,,,,,,,,,,,,,,,,,,,,,,,,,,,,,,,,,,,,,,,,,,,,,,,,,,,,,,,,,,,,,,,,,,,,,,,,,,,,,,,,,,,,,,,,,,,,,,,,,,,,,,,,,,,,,,,,,,,,,,,,,,,,,,,,,,,,,,,,
15,Northern Africa,,,,,,,,,,,,,,,,,,,,,,,,,,,,,,,,,,,,,,,,,,,,,,,,,,,,,,,,,,,,,,,,,,,,,,,,,,,,,,,,,,,,,,,,,,,,,,,,,,,,,,,,,,,,,,,,,,,,,,,,,,,,,,,,,,,,,,,,,,,,,,,,,,,,,,,,,,,,,,,,,,,,,,,,,,,,,,,,,,,,,,,,,,,,,,,,,,,,,,,,,
12,Algeria,,,,,,,,,,,,,,,,,,,,,,,,,,,,,,,,,,,,,,,,,,,,,,,,,,,,,,,,,,,,,,,,,,,,,,,,,,,,,,,,,,,,,,,,,,,,,,,,,,,,,,,,,,,,,,,168.8,,,,,,,,,,166.2,,,,,,,,,,169.0,,,,,,,,,,,,,,,,,,,,,,,,,,,,,,,,,,,,,,,,,,,,,,,,,,,,,,,,,,,,,,,,,,,,,,
818,Egypt,,,,,,,,,,,,,,,,,,,,,,,,,,,,,,,,,,,,,,,,,,,,,,,,,,,166.4,,,,,,,,,,167.7,,,,,,,,,,166.9,,,,,,,,,,163.0,,,,,,,,,,,,,,,,,,,,166.2,,,,,,,,,,166.2,,,,,,,,,,165.1,,,,,,,,,,,,,,,,,,,,167.5,,,,,,,,,,170.1,,,,,,,,,,170.6,,,,,,,,,,171.2,,,,,,,,,,171.3,,,,,,,,,,,,,,,,,,,,
434,Libya,,,,,,,,,,,,,,,,,,,,,,,,,,,,,,,,,,,,,,,,,,,,,,,,,,,,,,,,,,,,,,,,,,,,,,,,,,,,,,,,,,,,,,,,,,,166.5,,,,,,,,,,,,,,,,,,,,,,,,,,,,,,165.1,,,,,,,,,,,,,,,,,,,,,,,,,,,,,,,,,,,,,,,,,,,,,,,,,,,,,,,,,,,,,,,,,,,,,,,,,,,,,,,,
504,Morocco,,,,,,,,,,,,,,,,,,,,,,,,,,,,,,,,,,,,,,,,,,,,,,,,,,,,,,,,,,,,,,,,,,,,,,,,,,,,,,,,,168.6,,,,,,,,,,,,,,,,,,,,,,,,,,,,,,,,,,,,,,,,,,,,,,,,,,,,,,,,,,,,168.1,,,,,,,,,,169.0,,,,,,,,,,169.9,,,,,,,,,,170.2,,,,,,,,,,170.3,,,,,,,,,,,,,,,,,,,,
728,South Sudan,,,,,,,,,,,,,,,,,,,,,,,,,,,,,,,,,,,,,,,,,,,,,,,,,,,,,,,,,,,,,,,,,,,,,,,,,,,,,,,,,,,,,,,,,,,,,,,,,,,,,,,,,,,,,,,,,,,,,,,,,,,,,,,,,,,,,,,,,,,,,,,,,,,,,,,,,,,,,,,,,,,,,,,,,,,,,,,,,,,,,,,,,,,,,,,,,,,,,,,,,
729,Sudan (North),,,,,,,,,,,,,,,,,,,,,,,,,,,,,,,,,,,,,,,,,,,,,,,,,,,,,,,,,,,,,,,,,,,,,,,168.0,,,,,,,,,,169.9,,,,,,,,,,169.8,,,,,,,,,,167.9,,,,,,,,,,169.0,,,,,,,,,,171.0,,,,,,,,,,167.9,,,,,,,,,,,,,,,,,,,,,,,,,,,,,,,,,,,,,,,,,,,,,,,,,,,,,,,,,,,,,,,,,,,,,,
736,Sudan (until 2011),,,,,,,,,,,,,,,,,,,,,,,,,,,,,,,,,,,,,,,,,,,,,,,,,,,,,,,,,,,,,,,,,,,,,,,168.0,,,,,,,,,,169.9,,,,,,,,,,169.8,,,,,,,,,,167.9,,,,,,,,,,169.0,,,,,,,,,,171.0,,,,,,,,,,167.9,,,,,,,,,,,,,,,,,,,,,,,,,,,,,,,,,,,,,,,,,,,,,,,,,,,,,,,,,,,,,,,,,,,,,,
788,Tunisia,,,,,,,,,,,,,,,,,,,,,,,,,,,,,,,,,,,,,,,,,,,,,,,,,,,,,,,,,,,,,,,,,,,,,,,,,,,,,,,,,,,,,,,,,,,,,,,,,,,,,,,,,,,,,,,162.9,,,,,,,,,,,,,,,,,,,,,,,,,,,,,,,,,,,,,,,,,,,,,,,,,,,,,,,,,,,,165.3,,,,,,,,,,,,,,,,,,,,,,,,,,,,,,
732,Western Sahara,,,,,,,,,,,,,,,,,,,,,,,,,,,,,,,,,,,,,,,,,,,,,,,,,,,,,,,,,,,,,,,,,,,,,,,,,,,,,,,,,,,,,,,,,,,,,,,,,,,,,,,,,,,,,,,,,,,,,,,,,,,,,,,,,,,,,,,,,,,,,,,,,,,,,,,,,,,,,,,,,,,,,,,,,,,,,,,,,,,,,,,,,,,,,,,,,,,,,,,,,
,,,,,,,,,,,,,,,,,,,,,,,,,,,,,,,,,,,,,,,,,,,,,,,,,,,,,,,,,,,,,,,,,,,,,,,,,,,,,,,,,,,,,,,,,,,,,,,,,,,,,,,,,,,,,,,,,,,,,,,,,,,,,,,,,,,,,,,,,,,,,,,,,,,,,,,,,,,,,,,,,,,,,,,,,,,,,,,,,,,,,,,,,,,,,,,,,,,,,,,,,,
11,Western Africa,,,,,,,,,,,,,,,,,,,,,,,,,,,,,,,,,,,,,,,,,,,,,,,,,,,,,,,,,,,,,,,,,,,,,,,,,,,,,,,,,,,,,,,,,,,,,,,,,,,,,,,,,,,,,,,,,,,,,,,,,,,,,,,,,,,,,,,,,,,,,,,,,,,,,,,,,,,,,,,,,,,,,,,,,,,,,,,,,,,,,,,,,,,,,,,,,,,,,,,,,
204,Benin,,,,,,,,,,,164.9,,,,,,,,,,,,,,,,,,,,,,,,,,,,,,,,,,,,,,,,,,,,,,,,,,,,,,,,,,,,,,,,,,,,,,,,,,,,,,,,,,,,,,,,,,,,,,,,,,,,168.9,,,,,,,,,,168.1,,,,,,,,,,168.2,,,,,,,,,,,,,,,,,,,,169.9,,,,,,,,,,170.7,,,,,,,,,,170.3,,,,,,,,,,169.2,,,,,,,,,,,,,,,,,,,,
854,Burkina Faso,,,,,,,,,,,166.3,,,,,,,,,,165.4,,,,,,,,,,166.7,,,,,,,,,,162.6,,,,,,,,,,,,,,,,,,,,,,,,,,,,,,171.2,,,,,,,,,,171.5,,,,,,,,,,167.9,,,,,,,,,,171.2,,,,,,,,,,171.1,,,,,,,,,,172.4,,,,,,,,,,171.0,,,,,,,,,,172.5,,,,,,,,,,172.2,,,,,,,,,,172.8,,,,,,,,,,172.8,,,,,,,,,,172.8,,,,,,,,,,,,,,,,,,,,
132,Cape Verde,,,,,,,,,,,,,,,,,,,,,,,,,,,,,,,,,,,,,,,,,,,,,,,,,,,,,,,,,,,,,,,,,,,,,,,,,,,,,,,,,,,,,,,,,,,,,,,,,,,,,,,,,,,,,,,,,,,,,,,,,,,,,,,,,,,,,,,,,,,,,,,,,,,,,,,,,,,,,,,,,,,,,,,,,,,,,,,,,,,,,169.0,,,,,,,,,,,,,,,,,,,,
384,Cote d'Ivoire,,,,,,,,,,,165.1,,,,,,,,,,,,,,,,,,,,,,,,,,,,,,,,,,,,,,,,170.5,,,,,,,,,,,,,,,,,,,,169.8,,,,,,,,,,,,,,,,,,,,168.8,,,,,,,,,,167.9,,,,,,,,,,166.6,,,,,,,,,,166.7,,,,,,,,,,167.5,,,,,,,,,,168.7,,,,,,,,,,170.0,,,,,,,,,,171.3,,,,,,,,,,171.2,,,,,,,,,,171.0,,,,,,,,,,,,,,,,,,,,
270,Gambia,,,,,,,,,,,,,,,,,,,,,,,,,,,,,,,,,,,,,,,,,,,,,,,,,,,,,,,,,,,,,,,,,,,,,,,,,,,,,,,,,,,,,,,,,,,,,,,,,,,,,,,,,,,,,,,,,,,,,,,,,166.6,,,,,,,,,,,,,,,,,,,,,,,,,,,,,,,,,,,,,,,,,,,,,,,,,,,,,,,,,,,,,,,,,,,,,,,,,,,,,,,,
288,Ghana,,,,,,,,,,,164.1,,,,,,,,,,,,,,,,,,,,,,,,,,,,,,,,,,,,,,,,,,,,,,,,,,167.8,,,,,,,,,,,,,,,,,,,,167.8,,,,,,,,,,164.2,,,,,,,,,,165.9,,,,,,,,,,167.1,,,,,,,,,,167.1,,,,,,,,,,167.7,,,,,,,,,,168.6,,,,,,,,,,169.5,,,,,,,,,,169.8,,,,,,,,,,169.9,,,,,,,,,,170.0,,,,,,,,,,,,,,,,,,,,
324,Guinea,,,,,,,,,,,,,,,,,,,,,,,,,,,,,,,,,,,,,,,,,,,,,,,,,,,,,,,,,,,,,,,,,,,,,,,169.9,,,,,,,,,,,,,,,,,,,,164.2,,,,,,,,,,168.4,,,,,,,,,,168.5,,,,,,,,,,168.6,,,,,,,,,,167.5,,,,,,,,,,,,,,,,,,,,168.7,,,,,,,,,,169.6,,,,,,,,,,169.7,,,,,,,,,,169.5,,,,,,,,,,,,,,,,,,,,
624,Guinea-Bissau,,,,,,,,,,,165.4,,,,,,,,,,,,,,,,,,,,,,,,,,,,,,,,,,,,,,,,,,,,,,,,,,,,,,,,,,,,,,,,,,,,,,,,,,,,,,,,168.3,,,,,,,,,,167.7,,,,,,,,,,167.8,,,,,,,,,,166.1,,,,,,,,,,169.4,,,,,,,,,,168.9,,,,,,,,,,168.9,,,,,,,,,,,,,,,,,,,,,,,,,,,,,,,,,,,,,,,,,,,,,,,,,,
430,Liberia,,,,,,,,,,,,,,,,,,,,,,,,,,,,,,,,,,,,,,,,,,,,,,,,,,,,,,,,,,,,,,,,,,,,,,,,,,,,,,,,,,,,,,,,,,,,,,,,,,,,,,,,,,,,,,,165.4,,,,,,,,,,167.6,,,,,,,,,,167.2,,,,,,,,,,,,,,,,,,,,167.0,,,,,,,,,,168.6,,,,,,,,,,168.5,,,,,,,,,,167.3,,,,,,,,,,,,,,,,,,,,
466,Mali,,,,,,,,,,,,,,,,,,,,,,,,,,,,,,,,,,,,,,,,,,,,,,,,,,,166.5,,,,,,,,,,,,,,,,,,,,,,,,,,,,,,171.0,,,,,,,,,,169.4,,,,,,,,,,167.5,,,,,,,,,,171.4,,,,,,,,,,171.6,,,,,,,,,,168.5,,,,,,,,,,170.5,,,,,,,,,,172.5,,,,,,,,,,172.7,,,,,,,,,,172.5,,,,,,,,,,172.2,,,,,,,,,,,,,,,,,,,,
478,Mauritania,,,,,,,,,,,,,,,,,,,,,,,,,,,,,,,,,,,,,,,,,,,,,,,,,,,,,,,,,,,,,,,,,,,,,,,,,,,,,,,,,,,,,,,,,,,,,,,,,,,,,169.0,,,,,,,,,,169.4,,,,,,,,,,169.2,,,,,,,,,,170.1,,,,,,,,,,,,,,,,,,,,,,,,,,,,,,,,,,,,,,,,,,,,,,,,,,,,,,,,,,,,,,,,,,,,,,
562,Niger,,,,,,,,,,,,,,,,,,,,,,,,,,,,,,,,,,,,,,,,,,,,,,,,,,,,,,,,,,,,,,,,,,,,,,,167.3,,,,,,,,,,173.0,,,,,,,,,,,,,,,,,,,,168.7,,,,,,,,,,171.6,,,,,,,,,,171.4,,,,,,,,,,172.7,,,,,,,,,,171.2,,,,,,,,,,170.9,,,,,,,,,,171.4,,,,,,,,,,171.4,,,,,,,,,,170.7,,,,,,,,,,,,,,,,,,,,
566,Nigeria,,,,,,,,,,,165.2,,,,,,,,,,162.2,,,,,,,,,,,,,,,,,,,,,,,,,,,,,,,,,,,,,,,,,,,,,,,,,,165.6,,,,,,,,,,167.9,,,,,,,,,,,,,,,,,,,,,,,,,,,,,,166.8,,,,,,,,,,165.6,,,,,,,,,,164.6,,,,,,,,,,167.2,,,,,,,,,,168.5,,,,,,,,,,169.8,,,,,,,,,,169.7,,,,,,,,,,169.5,,,,,,,,,,,,,,,,,,,,
654,Saint Helena,,,,,,,,,,,,,,,,,,,,,,,,,,,,,,,,,,,,,,,,,,,,,,,,,,,,,,,,,,,,,,,,,,,,,,,,,,,,,,,,,,,,,,,,,,,,,,,,,,,,,,,,,,,,,,,,,,,,,,,,,,,,,,,,,,,,,,,,,,,,,,,,,,,,,,,,,,,,,,,,,,,,,,,,,,,,,,,,,,,,,,,,,,,,,,,,,,,,,,,,,
686,Senegal,,,,,,,,,,,165.4,,,,,,,,,,,,,,,,,,,,,,,,,,,,,,,,,,,,,,,,,,,,,,,,,,172.5,,,,,,,,,,168.2,,,,,,,,,,,,,,,,,,,,171.8,,,,,,,,,,170.4,,,,,,,,,,169.3,,,,,,,,,,171.6,,,,,,,,,,171.1,,,,,,,,,,171.9,,,,,,,,,,173.9,,,,,,,,,,174.1,,,,,,,,,,174.7,,,,,,,,,,174.3,,,,,,,,,,,,,,,,,,,,
694,Sierra Leone,,,,,,,,,,,164.7,,,,,,,,,,162.2,,,,,,,,,,,,,,,,,,,,,,,,,,,,,,,,,,,,,,,,,,,,,,,,,,,,,,,,,,,,,,,,,,,,,,165.5,,,,,,,,,,,,,,,,,,,,165.8,,,,,,,,,,167.0,,,,,,,,,,165.5,,,,,,,,,,,,,,,,,,,,,,,,,,,,,,,,,,,,,,,,167.4,,,,,,,,,,165.8,,,,,,,,,,,,,,,,,,,,
768,Togo,,,,,,,,,,,,,,,,,,,,,,,,,,,,,,,,,,,,,,,,,,,,,,,,,,,,,,,,,,,,,165.3,,,,,,,,,,,,,,,,,,,,,,,,,,,,,,,,,,,,,,,,167.0,,,,,,,,,,,,,,,,,,,,168.4,,,,,,,,,,,,,,,,,,,,,,,,,,,,,,170.8,,,,,,,,,,170.6,,,,,,,,,,170.5,,,,,,,,,,167.7,,,,,,,,,,,,,,,,,,,,
,,,,,,,,,,,,,,,,,,,,,,,,,,,,,,,,,,,,,,,,,,,,,,,,,,,,,,,,,,,,,,,,,,,,,,,,,,,,,,,,,,,,,,,,,,,,,,,,,,,,,,,,,,,,,,,,,,,,,,,,,,,,,,,,,,,,,,,,,,,,,,,,,,,,,,,,,,,,,,,,,,,,,,,,,,,,,,,,,,,,,,,,,,,,,,,,,,,,,,,,,,
17,Middle Africa,,,,,,,,,,,,,,,,,,,,,,,,,,,,,,,,,,,,,,,,,,,,,,,,,,,,,,,,,,,,,,,,,,,,,,,,,,,,,,,,,,,,,,,,,,,,,,,,,,,,,,,,,,,,,,,,,,,,,,,,,,,,,,,,,,,,,,,,,,,,,,,,,,,,,,,,,,,,,,,,,,,,,,,,,,,,,,,,,,,,,,,,,,,,,,,,,,,,,,,,,
24,Angola,,,,,,,,,,,160.5,,,,,,,,,,,,,,,,,,,,,,,,,,,,,,,,,,,,,,,,,,,,,,,,,,,,,,,,,,,,,,,,,,,,,,168.8,,,,,,,,,,169.1,,,,,,,,,,168.1,,,,,,,,,,168.0,,,,,,,,,,165.7,,,,,,,,,,166.7,,,,,,,,,,,,,,,,,,,,,,,,,,,,,,,,,,,,,,,,,,,,,,,,,,,,,,,,,,,,,,,,,,,,,,
120,Cameroon,,,,,,,,,,,165.9,,,,,,,,,,,,,,,,,,,,,,,,,,,,,,,,,,,,,,,,,,,,,,,,,,165.1,,,,,,,,,,165.7,,,,,,,,,,166.6,,,,,,,,,,164.1,,,,,,,,,,166.7,,,,,,,,,,168.8,,,,,,,,,,166.7,,,,,,,,,,169.5,,,,,,,,,,,,,,,,,,,,171.3,,,,,,,,,,171.5,,,,,,,,,,171.6,,,,,,,,,,171.0,,,,,,,,,,,,,,,,,,,,
140,Central African Republic,,,,,,,,,,,,,,,,,,,,,,,,,,,,,,,,,,,,,,,,,,,,,,,,,,,,,,,,,,,,,,,,,,,,,,,,,,,,,,,,,167.1,,,,,,,,,,,,,,,,,,,,167.3,,,,,,,,,,164.9,,,,,,,,,,163.6,,,,,,,,,,164.0,,,,,,,,,,,,,,,,,,,,169.3,,,,,,,,,,170.8,,,,,,,,,,169.9,,,,,,,,,,,,,,,,,,,,,,,,,,,,,,
148,Chad,,,,,,,,,,,,,,,,,,,,,,,,,,,,,,,,,,,,,,,,,,,,,,,,,,,,,,,,,,,,,,,,,,,,,,,169.8,,,,,,,,,,169.0,,,,,,,,,,169.6,,,,,,,,,,165.8,,,,,,,,,,,,,,,,,,,,169.4,,,,,,,,,,170.6,,,,,,,,,,,,,,,,,,,,173.7,,,,,,,,,,174.3,,,,,,,,,,173.8,,,,,,,,,,173.3,,,,,,,,,,,,,,,,,,,,
178,Congo,,,,,,,,,,,163.3,,,,,,,,,,,,,,,,,,,,,,,,,,,,,,,,,,,,,,,,167.6,,,,,,,,,,166.0,,,,,,,,,,,,,,,,,,,,,,,,,,,,,,,,,,,,,,,,,,,,,,,,,,,,,,,,,,,,165.4,,,,,,,,,,164.6,,,,,,,,,,166.9,,,,,,,,,,168.4,,,,,,,,,,169.4,,,,,,,,,,169.0,,,,,,,,,,168.4,,,,,,,,,,,,,,,,,,,,
180,Democratic Republic of the Congo,,,,,,,,,,,163.3,,,,,,,,,,,,,,,,,,,,,,,,,,,,,,,,,,,,,,,,,,,,,,,,,,,,,,,,,,,,165.7,,,,,,,,,,163.2,,,,,,,,,,162.6,,,,,,,,,,,,,,,,,,,,165.3,,,,,,,,,,163.1,,,,,,,,,,167.3,,,,,,,,,,,,,,,,,,,,168.5,,,,,,,,,,168.3,,,,,,,,,,169.0,,,,,,,,,,167.5,,,,,,,,,,,,,,,,,,,,
226,Equatorial Guinea,,,,,,,,,,,,,,,,,,,,,,,,,,,,,,,,,,,,,,,,,,,,,,,,,,,,,,,,,,,,,,,,,,,,,,,,,,,,,,,,,,,,,,,,,,,,,,,,,,,,,,,,,,,,,,,,,,,,,,,,,,,,,,,,,,,169.0,,,,,,,,,,,,,,,,,,,,,,,,,,,,,,,,,,,,,,,,,,,,,,,,,,,,,,,,,,,,,,,,,,,,,,
266,Gabon,,,,,,,,,,,165.4,,,,,,,,,,,,,,,,,,,,,,,,,,,,,,,,,,,,,,,,,,,,,,,,,,,,,,,,,,,,,,,,,,,,,,,,,,,,,,,,,,,,,,,,,,,,,,,,,,,,164.9,,,,,,,,,,164.3,,,,,,,,,,,,,,,,,,,,,,,,,,,,,,171.2,,,,,,,,,,170.7,,,,,,,,,,170.5,,,,,,,,,,169.7,,,,,,,,,,,,,,,,,,,,
678,Sao Tome and Principe,,,,,,,,,,,,,,,,,,,,,,,,,,,,,,,,,,,,,,,,,,,,,,,,,,,,,,,,,,,,,,,,,,,,,,,,,,,,,,,,,,,,,,,,,,,,,,,,,,,,,,,,,,,,,,,,,,,,,,,,,,,,,,,,,,,,,,,,,,,,,,,,,,,,,,,,,,,,,,,,,,,,,,,,,,,,,,,,,,,,,,,,,,,,,,,,,,,,,,,,,
,,,,,,,,,,,,,,,,,,,,,,,,,,,,,,,,,,,,,,,,,,,,,,,,,,,,,,,,,,,,,,,,,,,,,,,,,,,,,,,,,,,,,,,,,,,,,,,,,,,,,,,,,,,,,,,,,,,,,,,,,,,,,,,,,,,,,,,,,,,,,,,,,,,,,,,,,,,,,,,,,,,,,,,,,,,,,,,,,,,,,,,,,,,,,,,,,,,,,,,,,,
18,Southern Africa,,,,,,,,,,,,,,,,,,,,,,,,,,,,,,,,,,,,,,,,,,,,,,,,,,,,,,,,,,,,,,,,,,,,,,,,,,,,,,,,,,,,,,,,,,,,,,,,,,,,,,,,,,,,,,,,,,,,,,,,,,,,,,,,,,,,,,,,,,,,,,,,,,,,,,,,,,,,,,,,,,,,,,,,,,,,,,,,,,,,,,,,,,,,,,,,,,,,,,,,,
72,Botswana,,,,,,,,,,,,,,,,,,,,,,,,,,,,,,,,,,,,,,,,,,,,,,,,,,,,,,,,,,,,,,,,,,,,,,,,,,,,,,,,,,,,,,,,,,,,,,,,,,,,,,,,,,,,,,,165.4,,,,,,,,,,,,,,,,,,,,,,,,,,,,,,,,,,,,,,,,,,,,,,,,,,,,,,,,,,,,,,,,,,,,,,167.1,,,,,,,,,,,,,,,,,,,,
426,Lesotho,,,,,,,,,,,,,,,,,,,,,,,,,,,,,,,,,,,,,,,,,,,,,,,,,,,,,,,,,,,,,,,,,,,,,,,,,,,,,,,,,,,,,,,,,,,,,,,,,,,,,168.0,,,,,,,,,,,,,,,,,,,,,,,,,,,,,,,,,,,,,,,,,,,,,,,,,,168.0,,,,,,,,,,168.3,,,,,,,,,,168.5,,,,,,,,,,167.4,,,,,,,,,,,,,,,,,,,,
516,Namibia,,,,,,,,,,,,,,,,,,,,,,,,,,,,,,,,,,,,,,,,,,,,,,,,,,,,,,,,,,,,,,,,,,,,,,,,,,,,,,,,,,,,,,,,,,,,,,,,,,,,,166.7,,,,,,,,,,,,,,,,,,,,,,,,,,,,,,171.1,,,,,,,,,,172.3,,,,,,,,,,171.9,,,,,,,,,,172.1,,,,,,,,,,172.2,,,,,,,,,,171.3,,,,,,,,,,,,,,,,,,,,
710,South Africa,,,,,,,,,,,,,,,,,,,,,,,,,,,,,,,,,,,,,,,,,,,,,,,,,,,,,,,,,,,,,,,,,,,,,,,,,,,,,,,,,,,,,,,,,,,170.4,,,,,,,,,,169.9,,,,,,,,,,169.7,,,,,,,,,,169.2,,,,,,,,,,170.0,,,,,,,,,,168.2,,,,,,,,,,170.1,,,,,,,,,,169.5,,,,,,,,,,168.9,,,,,,,,,,168.1,,,,,,,,,,,,,,,,,,,,
748,Swaziland,,,,,,,,,,,,,,,,,,,,,,,,,,,,,,,,,,,,,,,,,,,,,,,,,,,,,,,,,,,,,,,,,,,,,,,,,,,,,,,,,,,,,,,,,,,,,,,,,,,,,,,,,,,,,,,,,,,,,,,,,,,,,,,,,,,168.8,,,,,,,,,,,,,,,,,,,,169.5,,,,,,,,,,169.9,,,,,,,,,,170.5,,,,,,,,,,170.2,,,,,,,,,,,,,,,,,,,,
,,,,,,,,,,,,,,,,,,,,,,,,,,,,,,,,,,,,,,,,,,,,,,,,,,,,,,,,,,,,,,,,,,,,,,,,,,,,,,,,,,,,,,,,,,,,,,,,,,,,,,,,,,,,,,,,,,,,,,,,,,,,,,,,,,,,,,,,,,,,,,,,,,,,,,,,,,,,,,,,,,,,,,,,,,,,,,,,,,,,,,,,,,,,,,,,,,,,,,,,,,
14,Eastern Africa,,,,,,,,,,,,,,,,,,,,,,,,,,,,,,,,,,,,,,,,,,,,,,,,,,,,,,,,,,,,,,,,,,,,,,,,,,,,,,,,,,,,,,,,,,,,,,,,,,,,,,,,,,,,,,,,,,,,,,,,,,,,,,,,,,,,,,,,,,,,,,,,,,,,,,,,,,,,,,,,,,,,,,,,,,,,,,,,,,,,,,,,,,,,,,,,,,,,,,,,,
108,Burundi,,,,,,,,,,,,,,,,,,,,,,,,,,,,,,,,,,,,,,,,,,,,,,,,,,,,,,,,,,,,,,,,,,,,,,,,,,,,,,,,,,,,,,,,,,,,,,,,,,,,,,,,,,,,,,,,,,,,,,,,,166.1,,,,,,,,,,169.4,,,,,,,,,,,,,,,,,,,,,,,,,,,,,,,,,,,,,,,,,,,,,,,,,,,,,,,,,,,,,,,,,,,,,,
174,Comoros,,,,,,,,,,,,,,,,,,,,,,,,,,,,,,,,,,,,,,,,,,,,,,,,,,,,,,,,,,,,,,,,,,,,,,,,,,,,,,,,,,,,,,,,,,,,,,,,,,,,,,,,,,,,,,,,,,,,,,,,,,,,,,,,,,,,,,,,,,,,,,,,,,,,,,,166.8,,,,,,,,,,167.0,,,,,,,,,,167.0,,,,,,,,,,,,,,,,,,,,,,,,,,,,,,
262,Djibouti,,,,,,,,,,,,,,,,,,,,,,,,,,,,,,,,,,,,,,,,,,,,,,,,,,,,,,,,,,,,,,,,,,,,,,,,,,,,,,,,,,,,,,,,,,,,,,,,,,,,,,,,,,,,,,,,,,,,,,,,,,,,,,,,,,,,,,,,,,,,,,,,,,,,,,,,,,,,,,,,,,,,,,,,,,,,,,,,,,,,,168.9,,,,,,,,,,,,,,,,,,,,
232,Eritrea,,,,,,,,,,,,,,,,,,,,,,,,,,,,,,,,,,,,,,,,,,,,,,,,,,,,,,,,,,,,,166.3,,,,,,,,,,,,,,,,,,,,165.3,,,,,,,,,,,,,,,,,,,,,,,,,,,,,,,,,,,,,,,,,,,,,,,,,,164.0,,,,,,,,,,,,,,,,,,,,156.7,,,,,,,,,,155.8,,,,,,,,,,156.0,,,,,,,,,,,,,,,,,,,,,,,,,,,,,,
230,Ethiopia (until 1993),,,,,,,,,,,,,,,,,,,,,,,,,,,,,,,,,,,,,,,,,,,,,,,,,,,,,,,,,,,,,169.3,,,,,,,,,,,,,,,,,,,,167.5,,,,,,,,,,,,,,,,,,,,,,,,,,,,,,161.5,,,,,,,,,,166.6,,,,,,,,,,167.3,,,,,,,,,,168.5,,,,,,,,,,166.8,,,,,,,,,,167.5,,,,,,,,,,167.5,,,,,,,,,,167.3,,,,,,,,,,,,,,,,,,,,
231,Ethiopia (from 1993),,,,,,,,,,,,,,,,,,,,,,,,,,,,,,,,,,,,,,,,,,,,,,,,,,,,,,,,,,,,,169.3,,,,,,,,,,,,,,,,,,,,167.5,,,,,,,,,,,,,,,,,,,,,,,,,,,,,,161.5,,,,,,,,,,166.6,,,,,,,,,,167.3,,,,,,,,,,168.5,,,,,,,,,,166.8,,,,,,,,,,167.5,,,,,,,,,,167.5,,,,,,,,,,167.3,,,,,,,,,,,,,,,,,,,,
404,Kenya,,,,,,,,,,,,,,,,,,,,,,,,,,,,,,,,,,,,,,,,,,,,,,,,,,,,,,,,,,,,,,,,,,,,,,,,,,,,,,,,,164.5,,,,,,,,,,166.0,,,,,,,,,,166.7,,,,,,,,,,168.1,,,,,,,,,,167.7,,,,,,,,,,,,,,,,,,,,,,,,,,,,,,169.9,,,,,,,,,,170.7,,,,,,,,,,170.9,,,,,,,,,,171.2,,,,,,,,,,,,,,,,,,,,
450,Madagascar,,,,,,,,,,,,,,,,,,,,,,,,,,,,,,,,,,,,,,,,,,,,,,,,,,,,,,,,,,,,,163.9,,,,,,,,,,,,,,,,,,,,,,,,,,,,,,,,,,,,,,,,163.2,,,,,,,,,,163.2,,,,,,,,,,163.5,,,,,,,,,,,,,,,,,,,,,,,,,,,,,,164.1,,,,,,,,,,165.0,,,,,,,,,,163.9,,,,,,,,,,162.9,,,,,,,,,,,,,,,,,,,,
454,Malawi,,,,,,,,,,,,,,,,,,,,,,,,,,,,,,,,,,,,,,,,,,,,,,,,,,,,,,,,,,,,,,,,,,,,,,,166.7,,,,,,,,,,,,,,,,,,,,,,,,,,,,,,,,,,,,,,,,,,,,,,,,,,168.4,,,,,,,,,,165.6,,,,,,,,,,166.2,,,,,,,,,,166.6,,,,,,,,,,167.1,,,,,,,,,,166.7,,,,,,,,,,166.2,,,,,,,,,,,,,,,,,,,,
480,Mauritius,,,,,,,,,,,,,,,,,,,,,,,,,,,,,,,,,,,,,,,,,,,,,,,,,,,,,,,,,,,,,,,,,,,,,,,,,,,,,,,,,,,,,,,,,,,,,,,,,,,,,,,,,,,,,,,,,,,,,,,,,,,,,,,,,,,,,,,,,,,,,,,,,,,,,,,,,,,,,,,,,,,,,,,,,,,,,,,,,,,,,,,,,,,,,,,,,,,,,,,,,
175,Mayotte,,,,,,,,,,,,,,,,,,,,,,,,,,,,,,,,,,,,,,,,,,,,,,,,,,,,,,,,,,,,,,,,,,,,,,,,,,,,,,,,,,,,,,,,,,,,,,,,,,,,,,,,,,,,,,,,,,,,,,,,,,,,,,,,,,,,,,,,,,,,,,,,,,,,,,,,,,,,,,,,,,,,,,,,,,,,,,,,,,,,,,,,,,,,,,,,,,,,,,,,,
508,Mozambique,,,,,,,,,,,164.1,,,,,,,,,,,,,,,,,,,,,,,,,,,,,,,,,,,,,,,,,,,,,,,,,,,,,,,,,,,,167.1,,,,,,,,,,,,,,,,,,,,,,,,,,,,,,169.6,,,,,,,,,,166.7,,,,,,,,,,168.6,,,,,,,,,,167.3,,,,,,,,,,,,,,,,,,,,166.0,,,,,,,,,,166.3,,,,,,,,,,165.5,,,,,,,,,,165.2,,,,,,,,,,,,,,,,,,,,
638,Réunion,,,,,,,,,,,,,,,,,,,,,,,,,,,,,,,,,,,,,,,,,,,,,,,,,,,,,,,,,,,,,,,,,,,,,,,,,,,,,,,,,,,,,,,,,,,,,,,,,,,,,,,,,,,,,,,,,,,,,,,,,,,,,,,,,,,,,,,,,,,,,,,,,,,,,,,,,,,,,,,,,,,,,,,,,,,,,,,,,,,,,,,,,,,,,,,,,,,,,,,,,
646,Rwanda,,,,,,,,,,,,,,,,,,,,,,,,,,,,,,,,,,,,,,,,,,,,,,,,,,,,,,,,,,,,,,,,,,,,,,,,,,,,,,,,,,,,,,,,,,,,,,,,,,,,,,,,,,,,,,,172.0,,,,,,,,,,171.6,,,,,,,,,,169.3,,,,,,,,,,,,,,,,,,,,168.9,,,,,,,,,,168.8,,,,,,,,,,167.9,,,,,,,,,,167.2,,,,,,,,,,,,,,,,,,,,
690,Seychelles,,,,,,,,,,,,,,,,,,,,,,,,,,,,,,,,,,,,,,,,,,,,,,,,,,,,,,,,,,,,,,,,,,,,,,,,,,,,,,,,,,,,,,,,,,,,,,,,,,,,,,,,,,,,,,,,,,,,,,,,,,,,,,,,,,,,,,,,,,,,,,,,,,,,,,,,,,,,,,,,,,,,,,,,,,,,,,,,,,,,,,,,,,,,,,,,,,,,,,,,,
706,Somalia,,,,,,,,,,,,,,,,,,,,,,,,,,,,,,,,,,,,,,,,,,,,,,,,,,,,,,,,,,,,,,,,,,,,,,,,,,,,,,,,,172.8,,,,,,,,,,171.4,,,,,,,,,,171.9,,,,,,,,,,171.1,,,,,,,,,,168.7,,,,,,,,,,172.9,,,,,,,,,,,,,,,,,,,,,,,,,,,,,,,,,,,,,,,,,,,,,,,,,,,,,,,,,,,,,,,,,,,,,,
800,Uganda,,,,,,,,,,,,,,,,,,,,,,,,,,,,,,,,,,,,,,,,,,,,,,,,,,,,,,,,,,,,,,,,,,,,,,,168.1,,,,,,,,,,166.3,,,,,,,,,,166.4,,,,,,,,,,,,,,,,,,,,166.0,,,,,,,,,,167.5,,,,,,,,,,164.9,,,,,,,,,,,,,,,,,,,,169.8,,,,,,,,,,170.1,,,,,,,,,,169.6,,,,,,,,,,169.3,,,,,,,,,,,,,,,,,,,,
834,United Republic of Tanzania,,,,,,,,,,,,,,,,,,,,,,,,,,,,,,,,,,,,,,,,,,,,,,,,,,,,,,,,,,,,,,,,,,,,,,,167.8,,,,,,,,,,168.5,,,,,,,,,,167.7,,,,,,,,,,,,,,,,,,,,165.0,,,,,,,,,,165.8,,,,,,,,,,166.6,,,,,,,,,,165.6,,,,,,,,,,166.2,,,,,,,,,,167.2,,,,,,,,,,167.8,,,,,,,,,,166.9,,,,,,,,,,,,,,,,,,,,
894,Zambia,,,,,,,,,,,,,,,,,,,,,,,,,,,,,,,,,,,,,,,,,,,,,,,,,,,,,,,,,,,,,,,,,,,,,,,,,,,,,,,,,,,,,,,,,,,,,,,,,,,,,,,,,,,,,,,,,,,,,,,,,,,,,,,,,,,,,,,,,,,,,168.1,,,,,,,,,,169.6,,,,,,,,,,169.7,,,,,,,,,,168.9,,,,,,,,,,168.2,,,,,,,,,,,,,,,,,,,,
716,Zimbabwe,,,,,,,,,,,,,,,,,,,,,,,,,,,,,,,,,,,,,,,,,,,,,,,,,,,,,,,,,,,,,,,,,,,,,,,,,,,,,,,,,,,,,,,,,,,169.0,,,,,,,,,,167.6,,,,,,,,,,,,,,,,,,,,,,,,,,,,,,,,,,,,,,,,,,,,,,,,,,171.0,,,,,,,,,,171.1,,,,,,,,,,171.3,,,,,,,,,,171.0,,,,,,,,,,,,,,,,,,,,